status;family;pval;qval;gene_short_name;num_cells_expressed
OK;negbinomial;3.44576213466701e-140;7.86694001207053e-139;Ttr;1408
OK;negbinomial;0.0845188363494823;0.10357221564214;Stmn2;71
OK;negbinomial;2.13012767988085e-68;1.60462409997116e-67;Cdkn1a;462
OK;negbinomial;6.21691592583024e-131;1.28137544915723e-129;Tmsb4x;1454
OK;negbinomial;2.29932716257271e-15;5.54829513700472e-15;Tubb3;539
OK;negbinomial;0.365567394317065;0.404550345388907;Col1a2;103
OK;negbinomial;4.663414046381e-10;9.35203573625595e-10;Lgals1;743
OK;negbinomial;5.06535894709725e-08;9.50315129897891e-08;Rtn1;263
OK;negbinomial;0.0273393340802275;0.0356203439640541;Fcer1g;21
OK;negbinomial;0.0206822320198355;0.0273064344461173;Ina;22
OK;negbinomial;1.10312693833869e-55;6.52207321312598e-55;Sulf1;1478
OK;negbinomial;5.97213407810837e-68;4.38744899599645e-67;Ube2c;887
OK;negbinomial;2.29381271711394e-179;8.72825146717203e-178;Rspo1;906
OK;negbinomial;3.97113602184387e-15;9.52046180358046e-15;Apoe;863
OK;negbinomial;0.0144915954828497;0.0195327227034958;Gadd45g;291
OK;negbinomial;2.85833511587963e-132;5.97432297459912e-131;Id3;1416
OK;negbinomial;5.84507698675385e-31;2.10536268163658e-30;Fabp7;340
OK;negbinomial;8.0649931511394e-71;6.33251314089464e-70;Nnat;1434
OK;negbinomial;0;0;Dynlrb2;569
OK;negbinomial;0.00168762541100291;0.00243149136886244;Arhgdib;35
OK;negbinomial;3.75324604444118e-155;1.0126940236274e-153;Ccno;577
OK;negbinomial;7.8926944194906e-196;3.44492897603649e-194;Rspo3;1410
OK;negbinomial;1.54594440357721e-47;8.04975963125819e-47;Malat1;1479
OK;negbinomial;0.498358625236725;0.53552802306394;Lhx1;11
OK;negbinomial;0.120683884080036;0.144082770695715;Akap12;30
OK;negbinomial;1.12220065773087e-06;1.99204040200072e-06;Tfap2b;10
OK;negbinomial;1.98699776704811e-21;5.63805867361262e-21;Ezr;1478
OK;negbinomial;5.1448575499186e-38;2.20027913662225e-37;Cdkn1c;1239
OK;negbinomial;1.23705999504466e-23;3.70868087403288e-23;Cenpf;1070
OK;negbinomial;5.15843487774308e-27;1.64272904690359e-26;Id1;1431
OK;negbinomial;0;0;Mlf1;1078
OK;negbinomial;0.0225325148343903;0.0296701437570854;Pmch;47
OK;negbinomial;0.00678427271666341;0.00938290839844221;Col4a1;67
OK;negbinomial;0.150698962022274;0.17692821174134;Hbb-y;1309
OK;negbinomial;0.128270337860657;0.152404468683119;Elavl3;51
OK;negbinomial;0;0;Cfap126;712
OK;negbinomial;0.0774483047512328;0.095222273612949;Tbr1;32
OK;negbinomial;5.39096232001155e-202;2.66672936096571e-200;Shisa8;583
OK;negbinomial;0.169453572948318;0.197076098946163;Hba-x;659
OK;negbinomial;9.71404108602643e-70;7.58717735350696e-69;Sostdc1;1025
OK;negbinomial;0.823989800458148;0.843310940606822;Hbb-bh1;109
OK;negbinomial;0.245649974185686;0.279988142620244;Hba-a1;265
OK;negbinomial;0.364547827375613;0.403723116287619;Hbb-bt;154
OK;negbinomial;0.117771842028067;0.140946301265848;Cnr1;31
OK;negbinomial;0.502095866836037;0.538374469931126;Hba-a2;163
OK;negbinomial;0.967885112473677;0.970501018183066;Nhlh2;33
OK;negbinomial;5.58865375906647e-67;3.96821156863859e-66;Meg3;343
OK;negbinomial;7.84036897005699e-51;4.34145804162857e-50;Mest;1470
OK;negbinomial;0.0058014702881963;0.00809152434932642;Dlk1;33
OK;negbinomial;2.06347977311387e-135;4.50324115191321e-134;Kcne2;699
OK;negbinomial;2.77487797829627e-313;5.14739864973958e-311;Ccdc67;523
OK;negbinomial;0.948877223912903;0.954193247839135;Mfap4;145
OK;negbinomial;0.283785886693626;0.318320677137823;Eomes;31
OK;negbinomial;1.08183833921381e-256;1.14674863956664e-254;Foxj1;985
OK;negbinomial;0.567921409522048;0.602087482065227;Islr2;16
OK;negbinomial;3.8515398119451e-09;7.52063826437701e-09;Neurog2;142
OK;negbinomial;0.0196253791366752;0.0259804305431097;Xist;1033
OK;negbinomial;5.82628395311542e-280;7.20517115535273e-278;Meig1;360
OK;negbinomial;4.99210615346773e-44;2.45307467938613e-43;Igsf8;691
OK;negbinomial;0;0;Rsph1;575
OK;negbinomial;0.844637953141893;0.860880990702314;Ptpn18;23
OK;negbinomial;1.19929329394281e-27;3.92015693438574e-27;Otx2;1463
OK;negbinomial;0.598689559554201;0.63190277836304;Ebf2;32
OK;negbinomial;0.181978213284423;0.210160053318353;Lhx9;55
OK;negbinomial;3.65322812570272e-30;1.28774122055649e-29;Mpped2;563
OK;negbinomial;0.00392020402518956;0.00551429646766;dtTomato;216
OK;negbinomial;0.000953340649702232;0.00139247787810838;Gap43;65
OK;negbinomial;2.21844993577046e-27;7.20389432097015e-27;Top2a;971
OK;negbinomial;0.000216502883697462;0.00033398157942519;Rgs16;48
OK;negbinomial;3.52852625629865e-37;1.49609513267063e-36;Hes5;290
OK;negbinomial;1.72831248516393e-08;3.31800223542467e-08;Lhx2;746
OK;negbinomial;1.7704987741074e-74;1.4760787532446e-73;2810417H13Rik;895
OK;negbinomial;1.67293866502818e-49;8.96260281191991e-49;Gmnc;652
OK;negbinomial;0.0550924595454452;0.0692857711571531;Stmn3;83
OK;negbinomial;0.0780344816841273;0.0958635520026862;Ebf1;11
OK;negbinomial;0.224061046989476;0.257159005206793;S100a10;60
OK;negbinomial;1.178992940413e-12;2.62706535071004e-12;Hes6;812
OK;negbinomial;1.35003966007111e-115;2.38507006612564e-114;Tuba1a;1467
OK;negbinomial;4.34504057772387e-35;1.74743637326348e-34;Sox4;1266
OK;negbinomial;5.55043107175003e-12;1.21129995742309e-11;Cdc20;890
OK;negbinomial;6.04736350509686e-321;1.28204106308053e-318;1110017D15Rik;684
OK;negbinomial;7.84365413523407e-39;3.44378187475957e-38;Arl6ip1;1423
OK;negbinomial;0.000289054198979102;0.00044222312503607;Dab2;273
OK;negbinomial;0.286195417932784;0.320780966927683;Cdk5r1;122
OK;negbinomial;0.0558742835472979;0.0702095146352159;Lcp1;11
OK;negbinomial;8.05650040296313e-15;1.92216183247545e-14;Msx1;1378
OK;negbinomial;0.810035090895288;0.830747805728133;Hbb-bs;64
OK;negbinomial;6.51162722450361e-05;0.000104017812714353;Elavl4;123
OK;negbinomial;9.49209659133097e-47;4.90810848137114e-46;Sox11;1444
OK;negbinomial;0.7352247092488;0.761391115509574;Ptgs1;12
OK;negbinomial;0.710244547953633;0.737064971442791;Klf2;188
OK;negbinomial;2.57790269233099e-56;1.54258370783032e-55;Clic6;1393
OK;negbinomial;0.0247281475957272;0.0323602919153962;Anxa2;291
OK;negbinomial;0.479150650480995;0.516758405024561;Neurod1;17
OK;negbinomial;0.0259639365441398;0.0339475610850251;Cxcl12;12
OK;negbinomial;2.26852406828566e-46;1.16085852321928e-45;Hist1h1b;520
OK;negbinomial;0.000461415849342348;0.000690959758248279;Pou3f1;214
OK;negbinomial;5.3910883929964e-09;1.04991800199562e-08;Dll1;144
OK;negbinomial;1.63707391345851e-10;3.36019043924263e-10;Dpysl3;271
OK;negbinomial;4.1188165795033e-61;2.66913703230694e-60;Rspo2;1358
OK;negbinomial;0.00046745501440289;0.00069929762235271;Insm1;63
OK;negbinomial;4.49908302311153e-72;3.62860826429212e-71;Trp73;347
OK;negbinomial;3.69668018779331e-64;2.50040318262468e-63;Cenpw;1343
OK;negbinomial;1.18289693272147e-32;4.39954648661318e-32;Ccnb1;817
OK;negbinomial;6.94947969054551e-73;5.69780544793897e-72;Hmgb2;1456
OK;negbinomial;9.72702911728391e-297;1.44349112100493e-294;Pifo;682
OK;negbinomial;0.282371096256583;0.317213252721248;Nhlh1;13
OK;negbinomial;1.72736460810176e-31;6.28286538829171e-31;Ldha;1349
OK;negbinomial;0.127786115221504;0.151950797266597;Dcx;34
OK;negbinomial;0.143884431393504;0.169733303806009;Dll3;42
OK;negbinomial;1.08187085382076e-16;2.68029440245409e-16;Phlda3;129
OK;negbinomial;4.40484451893161e-08;8.2744167925247e-08;Nr2f1;317
OK;negbinomial;1.2479530742959e-16;3.08660393709186e-16;S100a6;70
OK;negbinomial;8.03698108399418e-31;2.88786438950299e-30;Colec12;936
OK;negbinomial;4.01911463221433e-14;9.31932205344698e-14;Zic4;1426
OK;negbinomial;0.000142274407746219;0.000222716477948723;Ly6h;1452
OK;negbinomial;1.71553417017551e-35;6.97493892750809e-35;Slc6a15;1375
OK;negbinomial;0.429007975471576;0.467093056199426;Ppp1r14a;30
OK;negbinomial;2.64589475573603e-12;5.86045942912279e-12;Nrn1;959
OK;negbinomial;0.00219299642886385;0.00313526657074562;Serpine2;612
OK;negbinomial;0.951406736541971;0.955915773208047;Cntn2;10
OK;negbinomial;2.38279755658711e-51;1.33942105074821e-50;Trpm3;1289
OK;negbinomial;5.23979607215201e-05;8.41543005527443e-05;Twist1;26
OK;negbinomial;0.0352501610906903;0.0452519369018897;Cacna2d2;290
OK;negbinomial;1.32788159822922e-16;3.27882910444619e-16;Prc1;740
OK;negbinomial;0.411968682981457;0.450524337173532;Robo3;18
OK;negbinomial;0.180115258391421;0.208332847586024;Emp3;79
OK;negbinomial;2.8781412968428e-45;1.44785141847956e-44;Cenpa;916
OK;negbinomial;0.0641904792866564;0.0799149926689581;Igf2;215
OK;negbinomial;0.653075555514309;0.683954921935945;Rcan2;19
OK;negbinomial;2.0354202609973e-08;3.89750150621935e-08;Col4a2;140
OK;negbinomial;0.00073243666564041;0.00107617426911918;Mllt11;219
OK;negbinomial;0.660051807439759;0.690286738717831;Cacna2d1;63
OK;negbinomial;2.78585540996633e-08;5.30026849793594e-08;Cks2;1218
OK;negbinomial;4.41939732613213e-66;3.0790542873146e-65;Actb;1479
OK;negbinomial;1.80186282284117e-66;1.26130397598882e-65;Actg1;1479
OK;negbinomial;0.000561909125576252;0.000833040102252906;Cnn2;145
OK;negbinomial;1.37936505468507e-30;4.92061957007849e-30;Klf7;538
OK;negbinomial;1.42183284200841e-166;4.58695638595757e-165;Mcidas;446
OK;negbinomial;0.000117478464100279;0.000185072230068805;Ifitm1;234
OK;negbinomial;2.10323669040749e-37;8.94327578385306e-37;Ckb;1186
OK;negbinomial;0.429736683779896;0.467543430153494;Dcn;161
OK;negbinomial;1.85864595019281e-11;3.95728922537466e-11;Sstr2;243
OK;negbinomial;6.98620432042466e-46;3.5384051916417e-45;Nr2f2;1307
OK;negbinomial;4.39610540474677e-05;7.12985838321772e-05;Gadd45a;152
OK;negbinomial;6.55102955804614e-06;1.11615704525149e-05;Fam110a;468
OK;negbinomial;1.09293907886028e-67;7.91181264892024e-67;Map1b;1114
OK;negbinomial;0.220779379283136;0.253588698805088;Neurog1;14
OK;negbinomial;0.0121717865405975;0.0165260121008662;Dkk2;18
OK;negbinomial;6.39181250167811e-14;1.47518658670145e-13;Anxa5;325
OK;negbinomial;0.777855935573718;0.800511933697224;Col23a1;20
OK;negbinomial;0.00296868705431256;0.00419974412640595;Gm2694;34
OK;negbinomial;0.0156479290067439;0.0210339915271811;Tmem163;42
OK;negbinomial;0.475309561491725;0.513735898946627;mt-Co3;1479
OK;negbinomial;1.599699888099e-90;1.70788103161073e-89;Ptn;1289
OK;negbinomial;0.000154309969101427;0.000241048414891071;Crmp1;120
OK;negbinomial;0.559400022928445;0.594237390140167;Rnd2;323
OK;negbinomial;2.10388853829117e-14;4.94797241018083e-14;Sorbs2;636
OK;negbinomial;2.32177048742141e-174;8.40367659349604e-173;1700012B09Rik;282
OK;negbinomial;0.0363140399669746;0.0465371634809934;Coro1a;95
OK;negbinomial;2.33827826353115e-10;4.7599519109468e-10;eYFP;1021
OK;negbinomial;4.79932409039018e-05;7.73311286660047e-05;Rbp1;193
OK;negbinomial;1.83410414591173e-23;5.45453016539679e-23;Tagln3;229
OK;negbinomial;2.58451235035786e-100;3.39417374153191e-99;Htr2c;711
OK;negbinomial;3.17885254036298e-08;6.00944862407472e-08;Pcsk1n;451
OK;negbinomial;1.36579541731732e-13;3.10865091917011e-13;Krt8;587
OK;negbinomial;0.353225129429196;0.391768379725656;Slc17a6;16
OK;negbinomial;2.51814254682098e-14;5.89420116637592e-14;H2afx;1347
OK;negbinomial;3.68005426701783e-15;8.86558527963387e-15;Ednrb;1093
OK;negbinomial;6.06223053973103e-267;6.92026932381604e-265;Zmynd10;497
OK;negbinomial;6.28702785937911e-215;3.73197973732744e-213;Lrriq1;583
OK;negbinomial;3.3727429083856e-17;8.59991490729249e-17;Hexb;476
OK;negbinomial;0.10103197750505;0.122094018418155;Fbn2;60
OK;negbinomial;3.27034557337518e-87;3.30149172169304e-86;Sfn;193
OK;negbinomial;3.05849183696922e-123;5.74531884311686e-122;Tubb2b;1372
OK;negbinomial;9.85810794263368e-08;1.82411872654219e-07;Cotl1;785
OK;negbinomial;2.87474313232414e-222;2.03148514684239e-220;Fam183b;230
OK;negbinomial;0.132922854554094;0.157806012926621;Adra2a;14
OK;negbinomial;3.21845004929597e-29;1.10559719286001e-28;Six3;1204
OK;negbinomial;1.14575948077932e-35;4.69698085490751e-35;Nfib;1234
OK;negbinomial;0.428448335085414;0.466826232941816;Gypa;12
OK;negbinomial;4.85648295776722e-58;2.99046502461683e-57;Igfbpl1;1444
OK;negbinomial;4.74634949159488e-133;1.00622609221812e-131;Csrp2;1349
OK;negbinomial;0.000954693036674637;0.00139308207121452;Tnnt1;121
OK;negbinomial;0.562096326495864;0.596674498225938;Serpinf1;47
OK;negbinomial;3.40042335630981e-27;1.09225719929951e-26;Tubb4b;1383
OK;negbinomial;0.164970889552033;0.192314846893336;Reln;78
OK;negbinomial;2.75962521854173e-36;1.14713832613892e-35;Cdca8;1014
OK;negbinomial;0.00335104642371151;0.00472714153306833;Sepp1;479
OK;negbinomial;8.93338689032108e-69;6.8335804872353e-68;Wnt8b;1387
OK;negbinomial;7.56093651308418e-21;2.12508139875321e-20;Id2;1143
OK;negbinomial;0.00131964512778269;0.00191619703486253;Rgs10;52
OK;negbinomial;1.42783958461569e-05;2.39696147462633e-05;Nav1;234
OK;negbinomial;5.49973424606095e-17;1.38567158253896e-16;Ifitm3;231
OK;negbinomial;6.86595761149695e-39;3.03246461174448e-38;Tpx2;795
OK;negbinomial;0.98097550603641;0.982299359620804;Unc93b1;20
OK;negbinomial;0.00173683771767875;0.00249271486753894;Nrgn;133
OK;negbinomial;1.68282602310662e-28;5.65003126310007e-28;Ooep;1336
OK;negbinomial;4.44846355231683e-05;7.20398200794609e-05;Ank3;163
OK;negbinomial;7.9455927836475e-54;4.64222822477673e-53;Nusap1;510
OK;negbinomial;1.28458210492427e-07;2.36809918472996e-07;Col26a1;59
OK;negbinomial;1.43870695071468e-59;9.16326658738452e-59;Cdk1;1197
OK;negbinomial;0.170812922322892;0.198346147673843;Nid1;19
OK;negbinomial;0.00283494374849982;0.00402204256479324;Capg;47
OK;negbinomial;6.3445979657392e-29;2.16445594969126e-28;Maf;1111
OK;negbinomial;1.72941053645147e-18;4.59936422239064e-18;Cenpe;755
OK;negbinomial;4.01419827236121e-234;3.5041589624612e-232;Ptma;1479
OK;negbinomial;1.27378712129598e-35;5.19313210989899e-35;Chrna3;161
OK;negbinomial;0.0323707178103109;0.0418450742425971;Crabp1;26
OK;negbinomial;0.000439539789527295;0.000659531898542474;Apoc1;17
OK;negbinomial;0.586965272058321;0.621295623205812;Bhlhe22;12
OK;negbinomial;9.80476964526504e-24;2.95737360844986e-23;Igfbp2;1476
OK;negbinomial;5.24787972569596e-230;4.09887026996463e-228;Ccdc39;627
OK;negbinomial;0.621740230564461;0.652519449899336;Atf3;41
OK;negbinomial;1.95635896774669e-232;1.61290928229783e-230;Ccdc113;386
OK;negbinomial;8.35167671618871e-281;1.12671711334764e-278;Tekt1;629
OK;negbinomial;0.917050829432379;0.927677866992264;Srrm4;28
OK;negbinomial;7.17437733191968e-39;3.15928070046552e-38;Hmga2;1028
OK;negbinomial;0.944721257131156;0.951776202024872;Slc40a1;11
OK;negbinomial;8.17382781223828e-92;9.12027103260271e-91;Kcnj13;751
OK;negbinomial;2.22078486021963e-33;8.47209442819006e-33;Arpc1b;556
OK;negbinomial;9.58770446498837e-199;4.58972691162669e-197;Cfap45;480
OK;negbinomial;3.87939668422484e-81;3.51038090206686e-80;Rrm2;730
OK;negbinomial;3.40963272679755e-30;1.2047368968018e-29;Lmo2;694
OK;negbinomial;0.0172972846023151;0.0231253786935455;Gm26870;20
OK;negbinomial;3.07358052791483e-174;1.08599845319657e-172;Morn5;350
OK;negbinomial;0.816694546010988;0.836999106547173;Kif5c;384
OK;negbinomial;0.780922279570663;0.803110646488471;Mapt;80
OK;negbinomial;3.25260531767403e-06;5.61916914019588e-06;Cthrc1;132
OK;negbinomial;0.0317940629291401;0.041205864697191;Id4;309
OK;negbinomial;9.3418638092871e-54;5.43659838940472e-53;Mki67;743
OK;negbinomial;0.000418452757562533;0.000631081191283332;Lgmn;629
OK;negbinomial;5.35164644608201e-57;3.24156870448396e-56;Birc5;923
OK;negbinomial;1.97309679135085e-22;5.73008931186821e-22;Car2;432
OK;negbinomial;0.042044166343946;0.053602700046749;Arhgap20;33
OK;negbinomial;2.32344150847189e-05;3.88286846686069e-05;Epha5;164
OK;negbinomial;0.0417655666780588;0.0532932940242814;Meis2;316
OK;negbinomial;0.0169794201561128;0.0227208832386577;Lgals7;183
OK;negbinomial;2.24687207320691e-26;7.04938299500858e-26;Rprm;832
OK;negbinomial;2.83593680712876e-321;7.01420056744359e-319;Tubb5;1476
OK;negbinomial;0.136906299968623;0.16227551849316;Lsp1;95
OK;negbinomial;8.72151449842129e-92;9.65875187735611e-91;Mif;1468
OK;negbinomial;2.10352555281957e-51;1.18693228911948e-50;Cntnap2;799
OK;negbinomial;0.0683562843590573;0.0846044420257223;Nrp2;49
OK;negbinomial;0.00217554363679771;0.00311331413404802;Fos;835
OK;negbinomial;0.00670190159122694;0.00929497379568297;Grasp;99
OK;negbinomial;4.02375312104138e-12;8.84629575055615e-12;Tex15;708
OK;negbinomial;9.54158470360041e-54;5.53113738286836e-53;1500015O10Rik;442
OK;negbinomial;6.69876523325923e-211;3.82344907929104e-209;1700016K19Rik;427
OK;negbinomial;2.27158041509652e-36;9.49584601691053e-36;Cited2;1304
OK;negbinomial;5.02308400697505e-65;3.43514132089907e-64;Neat1;310
OK;negbinomial;0.00251160682782059;0.00357699091409381;Flrt2;989
OK;negbinomial;0.425555029735457;0.464014448293474;Necab3;34
OK;negbinomial;4.18579065561831e-109;6.40382817828616e-108;Ccnd2;1417
OK;negbinomial;0.00632832208516097;0.00880152762359782;Optc;185
OK;negbinomial;1.13398138654727e-220;7.31664512015717e-219;Riiad1;694
OK;negbinomial;2.76966891109038e-34;1.09023571990932e-33;Zic1;1432
OK;negbinomial;6.60399806699518e-222;4.45469687791857e-220;Spag6l;565
OK;negbinomial;0.316908932387001;0.353869718331308;Hck;15
OK;negbinomial;3.726991969706e-58;2.32388911052256e-57;E2f7;723
OK;negbinomial;1.48005437476504e-46;7.60000239498729e-46;Socs2;529
OK;negbinomial;0.00033279548862546;0.000506531800123265;Gas6;120
OK;negbinomial;1.17903104670343e-242;1.09355129581743e-240;Stmn1;1474
OK;negbinomial;0.0392021606054126;0.0501085325912423;Lgals3;16
OK;negbinomial;9.96758072183802e-110;1.55704103065343e-108;Rps2;1479
OK;negbinomial;0.000397595369021945;0.000601459253444002;Miat;57
OK;negbinomial;5.94438464149312e-64;3.97363369728639e-63;Calml4;836
OK;negbinomial;2.57202360802503e-30;9.1095060484705e-30;Pdzd2;650
OK;negbinomial;4.98614268317898e-32;1.82252111867921e-31;Wls;1285
OK;negbinomial;4.2723277282e-20;1.16546587291338e-19;Itm2b;1383
OK;negbinomial;8.76251865017041e-07;1.55918197564183e-06;Mfng;101
OK;negbinomial;8.31536421673826e-29;2.83027534349532e-28;Sparc;1427
OK;negbinomial;1.19651885273457e-159;3.6992374530377e-158;Fabp5;1145
OK;negbinomial;0.178055012565022;0.206271380676419;Rbfox3;77
OK;negbinomial;1.42869129764091e-11;3.05501136267884e-11;Sfrp1;460
OK;negbinomial;3.58997443711535e-204;1.8370765740273e-202;Nme5;596
OK;negbinomial;0.283540644281162;0.318286169525904;Lzts1;11
OK;negbinomial;0.0288146199438966;0.0374766836080127;Map2;678
OK;negbinomial;1.95597233554114e-10;4.00367302888696e-10;Nrp1;250
OK;negbinomial;1.74009655102184e-149;4.3038388028607e-148;Dnajb13;371
OK;negbinomial;0.137579670330133;0.162943520167532;St18;15
OK;negbinomial;0.0119960106262112;0.016302270851005;Kif21b;190
OK;negbinomial;2.60391972440305e-05;4.31756074973645e-05;Ptx3;82
OK;negbinomial;0.0874337079307407;0.106967537155168;Celf3;12
OK;negbinomial;2.46550899014654e-105;3.51809167440141e-104;Ak7;173
OK;negbinomial;0.305831347745811;0.342014860629076;Smagp;13
OK;negbinomial;2.95674660699857e-08;5.61101274269293e-08;Ube2s;1445
OK;negbinomial;1.05396165529443e-204;5.58599677306048e-203;Cfap52;425
OK;negbinomial;2.07535185135862e-182;8.55506152060053e-181;Cfap206;428
OK;negbinomial;0.0449298310024937;0.0570366716917885;H19;115
OK;negbinomial;2.58628795850161e-10;5.25041221671188e-10;Rbm47;1181
OK;negbinomial;0.0235876040255031;0.0309496059892543;Pde1a;23
OK;negbinomial;3.92592278532167e-158;1.14236655165046e-156;Lrrc48;361
OK;negbinomial;9.0955823678862e-16;2.22004017005643e-15;Btg2;750
OK;negbinomial;6.09856720360359e-36;2.52096761285452e-35;Ccnb2;777
OK;negbinomial;1.73610189625679e-49;9.26753674116933e-49;Hist3h2ba;1047
OK;negbinomial;0.699151885961461;0.728099227204777;Lyn;22
OK;negbinomial;3.30548981809183e-12;7.28877695400933e-12;Folr1;1221
OK;negbinomial;5.60832642152035e-19;1.49959574946598e-18;H2afz;1479
OK;negbinomial;2.55625616649895e-17;6.57449592908914e-17;Tcf4;1383
OK;negbinomial;2.36590899068514e-05;3.94495386761432e-05;Nkd1;970
OK;negbinomial;6.68223245624413e-42;3.16818944570808e-41;Hmmr;541
OK;negbinomial;0.116068848703919;0.139132610239593;Fam212b;27
OK;negbinomial;0.106213299041815;0.127834984410425;Bst2;121
OK;negbinomial;3.7349703593181e-154;9.72920811402776e-153;Plvap;391
OK;negbinomial;3.91577263119421e-07;7.112615158742e-07;Junb;578
OK;negbinomial;8.94249709485362e-28;2.93598798423955e-27;Tpbg;1345
OK;negbinomial;0.0181296847015983;0.0241946511665215;Tmem158;88
OK;negbinomial;0.188714689035406;0.217432141714707;Mt1;54
OK;negbinomial;0.413615972581682;0.451992712305755;Fezf1;131
OK;negbinomial;1.59523811367041e-40;7.26175877511318e-40;Rhoc;925
OK;negbinomial;2.90460061536316e-05;4.800030415589e-05;Lrrn1;669
OK;negbinomial;1.02750946564253e-110;1.67563082089398e-109;Fam81b;236
OK;negbinomial;8.71859990576933e-35;3.45946584496302e-34;Nr4a2;1009
OK;negbinomial;0.0273111713480625;0.0356149194029216;Tmem178;90
OK;negbinomial;1.61083011152763e-14;3.80648389411944e-14;Anxa3;462
OK;negbinomial;0.000425214949806007;0.000639978687131961;Pax3;56
OK;negbinomial;8.51436930242848e-72;6.82990488908317e-71;H1fx;1454
OK;negbinomial;3.52922477349549e-23;1.04330070993373e-22;Tle1;1355
OK;negbinomial;4.48559502746748e-72;3.62860826429212e-71;Car14;1281
OK;negbinomial;9.69440571241528e-19;2.58285423289484e-18;Emb;1071
OK;negbinomial;1.61738784770262e-11;3.45353031077797e-11;Clu;1144
OK;negbinomial;2.94237647298065e-104;4.15855874847931e-103;H1f0;1199
OK;negbinomial;3.73695998988937e-154;9.72920811402776e-153;Pkm;1460
OK;negbinomial;1.49592252746445e-09;2.95993204100965e-09;Zfp503;786
OK;negbinomial;3.57333037118569e-09;6.98659060716675e-09;Ctsd;1047
OK;negbinomial;1.87083442964485e-12;4.1499526062675e-12;Vcan;275
OK;negbinomial;0.0210947218440461;0.0278262819702795;Tesc;30
OK;negbinomial;0.334150481967066;0.372002487051107;Epha3;24
OK;negbinomial;1.17781279546437e-73;9.76466027077726e-73;Gas1;1189
OK;negbinomial;0.453964961750107;0.491740148348292;Celf4;243
OK;negbinomial;6.82394551322083e-08;1.2690144287744e-07;Bmp4;1124
OK;negbinomial;0.0673278522843401;0.0836104876903437;Plxna2;185
OK;negbinomial;1.6478668049547e-13;3.74492241738556e-13;Chodl;355
OK;negbinomial;0.58777579283494;0.621710104466893;Prrx2;66
OK;negbinomial;3.60141766169747e-14;8.36385572763545e-14;B4galt6;1123
OK;negbinomial;1.13043583411528e-28;3.83006113659148e-28;Elavl2;407
OK;negbinomial;5.34089070502187e-12;1.16900911596644e-11;Lhx5;175
OK;negbinomial;0.0230859551119077;0.030318192377054;Vat1;252
OK;negbinomial;0.0306859264100489;0.0398406953565289;Dusp4;75
OK;negbinomial;0.0184444595085409;0.0245705367241245;Wnt4;180
OK;negbinomial;0.000874462736817495;0.00128231492236874;Krt18;930
OK;negbinomial;2.828951357165e-64;1.92576321744627e-63;Basp1;1404
OK;negbinomial;0.0569467471661661;0.071436156208445;Efna3;27
OK;negbinomial;8.86514691616161e-67;6.2647038207542e-66;Ogn;540
OK;negbinomial;1.13836582099027e-156;3.24872091990301e-155;Ccdc146;276
OK;negbinomial;1.68660628154488e-68;1.27700189888398e-67;Cav2;199
OK;negbinomial;6.14810393461169e-44;3.01115057391543e-43;Wnt7b;226
OK;negbinomial;0.493075168461031;0.530234456518964;Fyb;33
OK;negbinomial;0.40145423125226;0.43934961591324;Chga;10
OK;negbinomial;0.0271640674733078;0.0354542446177561;Hmox1;136
OK;negbinomial;1.99473019687045e-07;3.65454273105648e-07;mt-Atp6;1479
OK;negbinomial;2.35027723360579e-28;7.83777845993483e-28;Plk1;510
OK;negbinomial;4.30572028168596e-08;8.09846501650438e-08;Smc4;1195
OK;negbinomial;0.76585094031886;0.789800413782619;Dner;12
OK;negbinomial;7.80647274355565e-07;1.39408009042558e-06;Bcl11b;629
OK;negbinomial;4.10526809653462e-28;1.35684139315309e-27;Ccnd1;887
OK;negbinomial;0.000212139923476694;0.000327932965041056;Gng3;249
OK;negbinomial;6.52558740940299e-07;1.17239367016393e-06;Jun;736
OK;negbinomial;2.20790639295434e-168;7.44666610714599e-167;Spef2;465
OK;negbinomial;2.5679550364864e-58;1.60795159246659e-57;Lrp1b;715
OK;negbinomial;7.72440122811536e-174;2.66581660988911e-172;Iqub;451
OK;negbinomial;8.43518904225186e-12;1.82475518056877e-11;Spry1;730
OK;negbinomial;1.69470704199516e-83;1.59173750020305e-82;Ccna2;739
OK;negbinomial;2.00838306677957e-10;4.10528990509764e-10;Soga3;215
OK;negbinomial;1.50686756638726e-156;4.21922918588434e-155;Tmsb10;1479
OK;negbinomial;3.38622867217876e-113;5.64625095450931e-112;Cfap53;459
OK;negbinomial;0.371564198096414;0.410268802064791;Dusp8;34
OK;negbinomial;1.01649341953197e-179;3.96967430154062e-178;Enkur;563
OK;negbinomial;3.96345200657095e-05;6.47058611413784e-05;Mme;259
OK;negbinomial;8.82034294489235e-09;1.70656961280577e-08;Perp;50
OK;negbinomial;4.3316118841491e-05;7.03294533487665e-05;S100a11;723
OK;negbinomial;1.02980357870014e-16;2.55984675174373e-16;Trp53i11;312
OK;negbinomial;1.71666079189831e-33;6.59980470253132e-33;Ung;337
OK;negbinomial;1.55202303648464e-06;2.71924697301441e-06;Btbd17;448
OK;negbinomial;1.38494378590491e-91;1.52241228020955e-90;Cox6b2;759
OK;negbinomial;1.73358547022596e-35;7.02907332736429e-35;Bcl11a;422
OK;negbinomial;0.615017187706703;0.646377837504779;Foxg1;65
OK;negbinomial;3.58791998467719e-65;2.46503391539859e-64;Cdca3;751
OK;negbinomial;0.606572851272626;0.63929089263562;Pcp4;66
OK;negbinomial;8.48404750265673e-183;3.59723614112645e-181;1700028P14Rik;316
OK;negbinomial;1.04457459615993e-155;2.87064574203951e-154;Dut;1198
OK;negbinomial;3.45095948155194e-10;6.95818460682483e-10;Gdf5;1013
OK;negbinomial;2.78951807418455e-17;7.14964563400668e-17;Tmem108;1106
OK;negbinomial;4.77754502257833e-06;8.17748190715829e-06;Dio3;19
OK;negbinomial;2.69092852543006e-05;4.45685037024353e-05;Arhgap29;104
OK;negbinomial;2.46329477114847e-05;4.08895910557531e-05;Pid1;77
OK;negbinomial;6.07812407656678e-06;1.03796733367377e-05;Egr1;616
OK;negbinomial;0.147030838534412;0.172895217420814;Parm1;12
OK;negbinomial;0.0164020546976678;0.0220078202272505;Irf8;46
OK;negbinomial;0.0137406135747165;0.0185542043174516;Ttyh1;216
OK;negbinomial;1.19820784271749e-05;2.01603224330245e-05;Slc16a2;1333
OK;negbinomial;0.00444714348650599;0.00624390785658604;Ctsb;1055
OK;negbinomial;6.51523700544768e-07;1.17195293528295e-06;Aurka;606
OK;negbinomial;6.30308326805632e-21;1.77490997529328e-20;Mecom;919
OK;negbinomial;3.13458951834863e-06;5.42159772171255e-06;Kcnq1ot1;1337
OK;negbinomial;2.6300997904882e-38;1.13792072568061e-37;Cd24a;983
OK;negbinomial;0.26058279514481;0.2956459235435;Robo2;82
OK;negbinomial;1.62059694419775e-07;2.98013118363006e-07;Ncam1;443
OK;negbinomial;1.47866747762718e-198;6.85732042749606e-197;Rpsa;1479
OK;negbinomial;2.96893573075042e-27;9.59891203580309e-27;Nfix;729
OK;negbinomial;4.21957865384264e-11;8.84442757387355e-11;Cyba;791
OK;negbinomial;0.00232381890299577;0.00331591081927473;Nrxn1;200
OK;negbinomial;3.54360095536469e-76;3.05738594055884e-75;Spag17;155
OK;negbinomial;0.502459632520688;0.538375519610614;Cited4;16
OK;negbinomial;3.97287428008683e-29;1.36160402578495e-28;Ctsh;232
OK;negbinomial;0.748826351823242;0.773856759126526;Camk2n1;349
OK;negbinomial;0.00114237575930539;0.00166041687248697;Insm2;17
OK;negbinomial;1.32083087705573e-11;2.83253326813686e-11;Ntrk2;1010
OK;negbinomial;2.97784173440538e-05;4.91013014873064e-05;Igfbp4;968
OK;negbinomial;1.24496441879049e-12;2.76990584330597e-12;Anxa6;125
OK;negbinomial;1.15113821811212e-10;2.38587865318211e-10;Peg3;1108
OK;negbinomial;2.04388199208138e-10;4.17210574449625e-10;Pgap1;312
OK;negbinomial;2.15519845121327e-33;8.2430786123724e-33;Ppp2r2b;630
OK;negbinomial;2.57919064036989e-07;4.7195054381121e-07;Pou2f2;104
OK;negbinomial;4.29996596555881e-17;1.09266258439885e-16;Plk2;225
OK;negbinomial;3.76684697064029e-99;4.86087035167843e-98;Serpinb1b;207
OK;negbinomial;3.40901158340878e-89;3.58792424806995e-88;Clybl;986
OK;negbinomial;0.422904642005789;0.461803155803232;Trf;12
OK;negbinomial;1.15635411855417e-12;2.58049550666826e-12;Msx2;789
OK;negbinomial;9.82587105516487e-41;4.51442496775996e-40;Aebp1;139
OK;negbinomial;0.89317731526155;0.905379191153101;Olfml3;33
OK;negbinomial;4.44257447905276e-14;1.02851490279474e-13;Ascl1;138
OK;negbinomial;9.61106043473805e-44;4.6763323557873e-43;Sulf2;1094
OK;negbinomial;8.33557776103629e-21;2.33837379912625e-20;Spc25;698
OK;negbinomial;1.41876145823912e-11;3.03815584996659e-11;Lmo4;1173
OK;negbinomial;0.00167204344088218;0.00241138237732669;Col5a2;356
OK;negbinomial;1.57587722085843e-08;3.02927693750506e-08;Ndn;1306
OK;negbinomial;0.89055385358788;0.903336923256606;Scg3;10
OK;negbinomial;7.10875971362235e-23;2.08074939152181e-22;Vat1l;941
OK;negbinomial;7.92859535848302e-25;2.4461612291037e-24;Rmst;1173
OK;negbinomial;8.85130849640797e-41;4.07929869834454e-40;Pthlh;604
OK;negbinomial;0.100418367992116;0.121451392094785;Tubb6;20
OK;negbinomial;0.145787717797129;0.171569368129215;Podxl2;699
OK;negbinomial;2.35626205889267e-125;4.54115960441133e-124;Pidd1;432
OK;negbinomial;8.79049996227102e-144;2.1040487006468e-142;Dnaic2;279
OK;negbinomial;7.3007861947507e-55;4.29935187024208e-54;Fam64a;522
OK;negbinomial;1.66942683139762e-30;5.94107774051334e-30;Pou3f2;370
OK;negbinomial;0.000282944462173392;0.000433322581904348;Wif1;115
OK;negbinomial;1.13247972800691e-32;4.22261285518153e-32;Gm26725;862
OK;negbinomial;0.0188883821976313;0.0250718776219006;Crabp2;1323
OK;negbinomial;0.000228587589318385;0.000351527443055422;Fgfr3;197
OK;negbinomial;2.42520366804778e-05;4.03475587823195e-05;Notch2;967
OK;negbinomial;1.33490231082009e-60;8.61302186633483e-60;Gm3764;422
OK;negbinomial;0.611467369030064;0.643102463246361;Gm42418;1476
OK;negbinomial;0.537993012327766;0.572316580856205;Eya2;20
OK;negbinomial;0.00301555847815391;0.00426198931579086;Tm4sf1;77
OK;negbinomial;0.153747343375569;0.180098309999467;mt-Cytb;1479
OK;negbinomial;4.25879926057016e-111;7.02228678076236e-110;Tekt4;232
OK;negbinomial;0.480968595867404;0.518191606239728;Zfp36;128
OK;negbinomial;0.0167502999610816;0.022454783326328;Rhcg;48
OK;negbinomial;1.18424624079025e-10;2.45107590144035e-10;Cebpb;209
OK;negbinomial;2.80210694565409e-75;2.37618668991467e-74;Tyms;854
OK;negbinomial;8.58200090310822e-147;2.08781792462501e-145;Rsph4a;378
OK;negbinomial;0.0440379851372219;0.0559523715270867;Plk3;42
OK;negbinomial;0.609338557474365;0.641318027866637;Zbtb20;687
OK;negbinomial;9.98555952940015e-27;3.15960988094452e-26;Rassf4;198
OK;negbinomial;0.00165461814158393;0.00238857327053556;Fyn;335
OK;negbinomial;0.261707056944787;0.296468146951194;Mab21l1;11
OK;negbinomial;9.89979105019033e-33;3.70057680566309e-32;Hist1h2ae;374
OK;negbinomial;0;0;Hsp90aa1;1479
OK;negbinomial;0.276200591495052;0.311460241473143;Col6a3;35
OK;negbinomial;1.24836108307539e-09;2.47669498299984e-09;Tfap2e;37
OK;negbinomial;0.855555218922382;0.870812033525936;Gm28050;14
OK;negbinomial;2.07343011962599e-100;2.74729490850444e-99;Hspa8;1479
OK;negbinomial;1.44879512973143e-71;1.15592041533411e-70;Mcm6;610
OK;negbinomial;0.0150386761371976;0.0202333593722586;Pcolce;92
OK;negbinomial;0.0830766148521756;0.101889005322834;Nfia;1256
OK;negbinomial;4.40645965611087e-31;1.59104285393395e-30;Cnih2;725
OK;negbinomial;4.88202187305077e-30;1.70870765556777e-29;Incenp;747
OK;negbinomial;0.451272397833046;0.489180597797108;Folr2;37
OK;negbinomial;0.00674200028475195;0.00934185660370858;Rgmb;78
OK;negbinomial;4.65907664272556e-33;1.7593052767951e-32;E330013P04Rik;418
OK;negbinomial;9.19356534969985e-11;1.90814699006358e-10;Pak3;328
OK;negbinomial;2.954189814643e-20;8.13361351564047e-20;Hmgcs1;988
OK;negbinomial;0.654455528125184;0.68491678683905;Prdm6;11
OK;negbinomial;2.58793507843609e-121;4.68353128829166e-120;2410004P03Rik;320
OK;negbinomial;1.05061214449206e-16;2.60720471977628e-16;Tpm1;1270
OK;negbinomial;5.81714226240362e-11;1.21415458753966e-10;Fezf2;299
OK;negbinomial;0.527469111107423;0.562330575347281;Syp;83
OK;negbinomial;0.000174062406169645;0.000270197291585516;Tagln2;427
OK;negbinomial;0.261434852993895;0.296386036549229;L1cam;11
OK;negbinomial;5.6417217046971e-05;9.05115136191405e-05;Tubb2a;343
OK;negbinomial;0.236050901551539;0.270056922924111;Cbfa2t3;16
OK;negbinomial;3.72942298511039e-07;6.78243101703899e-07;Fam181b;814
OK;negbinomial;1.60301060021158e-06;2.80196434713073e-06;Rsad2;33
OK;negbinomial;5.98243141509467e-123;1.10974102750006e-121;Cfap161;226
OK;negbinomial;0.116982707008583;0.140114880710845;Pak7;38
OK;negbinomial;2.64238460678814e-62;1.7427994473216e-61;Fbxo5;507
OK;negbinomial;0.000109677694341811;0.00017351993433182;Dkk3;79
OK;negbinomial;5.14200639191327e-224;3.81536874279964e-222;Cfap36;1214
OK;negbinomial;2.99244576456435e-17;7.65653364588532e-17;Gpc3;826
OK;negbinomial;0.00467476213612713;0.00655084703495057;Wnt5a;262
OK;negbinomial;0.000376374811300814;0.000570521164423298;Cldn11;24
OK;negbinomial;0.262382726154196;0.29700683875883;Scn3b;23
OK;negbinomial;1.12478360497301e-38;4.92383147427712e-38;Rnase4;150
OK;negbinomial;9.82647586474021e-16;2.39449756704014e-15;Lig1;929
OK;negbinomial;1.11789039113662e-254;1.10596622696449e-252;1110004E09Rik;1079
OK;negbinomial;1.91717650057377e-11;4.07606006712245e-11;Olfm1;948
OK;negbinomial;0.259880112713516;0.295074282530114;Lix1;172
OK;negbinomial;2.5986165143611e-22;7.51724543335649e-22;Eva1b;393
OK;negbinomial;2.78972280746502e-158;8.27989729255618e-157;Hn1;1337
OK;negbinomial;9.31122118249899e-25;2.85492814769184e-24;Rfxap;1028
OK;negbinomial;4.22356711150382e-13;9.49662665677525e-13;Khdrbs2;532
OK;negbinomial;1.48453817753989e-117;2.65428271743276e-116;4833427G06Rik;184
OK;negbinomial;5.11687924807929e-10;1.02475692363693e-09;Ier5;584
OK;negbinomial;3.61056050501758e-33;1.36685504832808e-32;Smc2;1118
OK;negbinomial;1.89548724676956e-15;4.59624685327782e-15;Npr3;776
OK;negbinomial;7.23000956139219e-160;2.28283706151192e-158;Lrrc46;403
OK;negbinomial;0.0109087672464879;0.0148929260292439;Sct;44
OK;negbinomial;6.55603074759013e-08;1.22225497857082e-07;Emx1;222
OK;negbinomial;0.759023649016843;0.783849057161444;Cabp1;11
OK;negbinomial;0.000503315100235254;0.000750672973617203;Cbln2;357
OK;negbinomial;1.10744178482688e-28;3.76074052330227e-28;Epb41l4a;1057
OK;negbinomial;4.44764918454184e-128;8.6846202498159e-127;Spag8;363
OK;negbinomial;1.11494832204082e-41;5.25264542828119e-41;Npnt;375
OK;negbinomial;2.40137116471366e-28;7.99021257496652e-28;Tacc3;751
OK;negbinomial;3.71099369938457e-50;2.02467450363482e-49;1700007G11Rik;129
OK;negbinomial;0.000987178871666921;0.0014390701822728;Rbfox2;489
OK;negbinomial;9.0773011010817e-103;1.27082215415144e-101;Nkain4;629
OK;negbinomial;0.0428264327117427;0.0544596625057636;Rasgrp1;26
OK;negbinomial;1.08440453080246e-17;2.81338518131268e-17;Cdc42ep3;175
OK;negbinomial;8.00321603159365e-82;7.31309282416493e-81;Efcab10;301
OK;negbinomial;3.70679717100693e-64;2.50040318262468e-63;Sox2;1328
OK;negbinomial;1.39536504997932e-23;4.15807577142433e-23;Slc1a3;419
OK;negbinomial;1.94896603916423e-22;5.67110902376414e-22;Yjefn3;570
OK;negbinomial;0.19959170617753;0.22978595187545;Filip1l;15
OK;negbinomial;0.52548872121858;0.560622043341749;Aplp1;791
OK;negbinomial;4.85484911327412e-197;2.18321093457539e-195;Gapdh;1479
OK;negbinomial;6.33992518181578e-25;1.96418558868781e-24;Mis18bp1;521
OK;negbinomial;0.331404252762742;0.369222155480413;Tgfb2;75
OK;negbinomial;0.823361140609195;0.843249090865456;Creb5;56
OK;negbinomial;4.57336072787163e-10;9.18385293661908e-10;Igf1;170
OK;negbinomial;6.79068822609059e-25;2.09945444323301e-24;Calcrl;436
OK;negbinomial;0.676424502696312;0.706911240846005;Rab3a;206
OK;negbinomial;4.62939085795645e-84;4.43226840852088e-83;Mdk;1478
OK;negbinomial;2.26925744415867e-28;7.5846352412871e-28;Nsg1;559
OK;negbinomial;0.000537484621847409;0.000800027260603365;Sox3;530
OK;negbinomial;2.65531672183265e-40;1.19408788339384e-39;Slc16a10;769
OK;negbinomial;3.2172841111081e-150;8.23180969118005e-149;Npm1;1479
OK;negbinomial;2.73384151464741e-11;5.7957440110525e-11;Jam3;1008
OK;negbinomial;1.74669992804971e-15;4.2423939332664e-15;Cald1;1134
OK;negbinomial;1.79689727774203e-21;5.1084206133509e-21;Klhl13;835
OK;negbinomial;2.33495104195404e-06;4.06698045335656e-06;Sema6a;961
OK;negbinomial;5.31881880365334e-07;9.60234440951528e-07;Gm2115;116
OK;negbinomial;5.74546071769342e-25;1.78373717679017e-24;Cntn1;461
OK;negbinomial;5.60409411666667e-110;8.84731454163121e-109;Cfap44;283
OK;negbinomial;2.49223581929591e-20;6.88729600714176e-20;Chd7;1000
OK;negbinomial;1.57594821464162e-27;5.14001571544651e-27;Aspm;463
OK;negbinomial;2.58417231144402e-39;1.1481771587374e-38;Dynll1;1478
OK;negbinomial;6.85103705990337e-10;1.36836325664826e-09;Tpi1;1441
OK;negbinomial;1.191034131857e-40;5.45523040640674e-40;Sox9;670
OK;negbinomial;0.00293870422040533;0.00416129490752053;Hs3st1;24
OK;negbinomial;2.99464709706335e-07;5.46624390165069e-07;1810041L15Rik;143
OK;negbinomial;7.9520220846951e-134;1.71026098169385e-132;1700007K13Rik;571
OK;negbinomial;1.19209573220252e-22;3.47557969860223e-22;Pygl;161
OK;negbinomial;0.107846214018343;0.129590106561313;Gm26917;561
OK;negbinomial;1.00058422137492e-16;2.49138755792009e-16;Gadd45b;230
OK;negbinomial;3.73813387322519e-15;8.9909086999452e-15;Aldoa;1150
OK;negbinomial;8.87664096453242e-27;2.8147297417449e-26;Tuba1c;332
OK;negbinomial;0.00355721200508142;0.00501320286376146;Crispld1;56
OK;negbinomial;0.0118737989873542;0.0161509786409107;Ehd4;108
OK;negbinomial;0.351776663444553;0.390453678797095;Gata3;27
OK;negbinomial;0.448711360148086;0.486759984254211;Snai1;11
OK;negbinomial;0.00879827255233727;0.0121119076694513;Slc27a2;33
OK;negbinomial;1.23675166482083e-68;9.41199728509804e-68;Tctex1d1;133
OK;negbinomial;2.92948303021368e-82;2.71709551052319e-81;Dcdc2a;519
OK;negbinomial;3.79595693063652e-26;1.18843883651152e-25;BC051019;40
OK;negbinomial;0.733571307005497;0.760209371226367;Hist1h2bc;433
OK;negbinomial;0.122731115457957;0.146409144163673;Syt1;27
OK;negbinomial;6.02618119248485e-38;2.5697853131171e-37;Rab15;283
OK;negbinomial;2.92398755634295e-12;6.46676234517576e-12;Psat1;390
OK;negbinomial;3.63433209948185e-05;5.95950147583543e-05;Chst2;394
OK;negbinomial;4.44724031316114e-07;8.04842027406236e-07;Pcp4l1;654
OK;negbinomial;4.23464378742028e-52;2.41700437712757e-51;Aurkb;499
OK;negbinomial;0.384130960804083;0.422572532122505;Ifitm2;1390
OK;negbinomial;6.48949304998607e-14;1.49540492021418e-13;Sost;61
OK;negbinomial;0.0702746134305683;0.0868339103505107;Nrros;23
OK;negbinomial;0.000457957117043623;0.000686473092618926;Rgs8;17
OK;negbinomial;2.18528524038178e-23;6.48592659345311e-23;Lmo1;176
OK;negbinomial;5.97186849742507e-35;2.3823260349943e-34;Zic5;1311
OK;negbinomial;1.47140004550587e-69;1.14322390970195e-68;Eef1a1;1479
OK;negbinomial;2.40026614418874e-14;5.62716423060994e-14;Irf2bpl;1332
OK;negbinomial;0.171227338774683;0.198671908320273;mt-Co2;1479
OK;negbinomial;4.37399834880981e-18;1.15293313492607e-17;Nxn;1384
OK;negbinomial;7.72130600510527e-107;1.13449684273032e-105;Fank1;316
OK;negbinomial;0.0115625565184959;0.0157565049342956;mt-Co1;1479
OK;negbinomial;2.731111035396e-32;1.00321009319992e-31;Knstrn;744
OK;negbinomial;9.03827786460078e-25;2.77697812651502e-24;Abcg5;1020
OK;negbinomial;0.898830761828337;0.910487952596077;Mmd2;11
OK;negbinomial;0.0270321968254478;0.0353131866980322;Veph1;20
OK;negbinomial;4.89268978446382e-108;7.33409256580234e-107;Ppp1r32;223
OK;negbinomial;3.10442787398259e-05;5.11317532185368e-05;Bach2;163
OK;negbinomial;0.000246448017229059;0.000378601301830149;Col16a1;20
OK;negbinomial;6.09891270725502e-08;1.13846370535427e-07;Msmo1;672
OK;negbinomial;1.69545025666437e-21;4.82926714182327e-21;Gm13111;639
OK;negbinomial;3.06163312159326e-10;6.19844959405784e-10;Serpinh1;1465
OK;negbinomial;0.230209035624511;0.263603556224363;Dlc1;19
OK;negbinomial;3.12694734149073e-24;9.50899560404148e-24;Clmn;724
OK;negbinomial;0.459366420519588;0.496865720153841;Chl1;594
OK;negbinomial;2.97235345708162e-41;1.38275000950129e-40;Racgap1;731
OK;negbinomial;2.30588961776501e-29;7.9580004482867e-29;Runx1t1;433
OK;negbinomial;0.0458956712314501;0.0581632588449803;Kif5a;29
OK;negbinomial;4.73231768909841e-215;2.92614977109252e-213;Nasp;1309
OK;negbinomial;1.03857103356917e-95;1.24293501114245e-94;Ttc21a;222
OK;negbinomial;0.568007058552101;0.602087482065227;Adrb2;19
OK;negbinomial;8.59633493347841e-25;2.64667241520373e-24;Nsg2;477
OK;negbinomial;6.25897283396762e-18;1.6381509145693e-17;Epcam;546
OK;negbinomial;6.8381865538664e-40;3.04740806184316e-39;Mcm3;739
OK;negbinomial;1.01513256616393e-09;2.02208956803661e-09;Cyr61;703
OK;negbinomial;1.62300770900869e-109;2.50889941684261e-108;Ube2u;262
OK;negbinomial;0.00150714761714131;0.00218205567203678;Rbmxl2;21
OK;negbinomial;9.93653714726872e-14;2.28263484931065e-13;Gdpd1;627
OK;negbinomial;0.108631155509394;0.130427698038787;Hpgds;94
OK;negbinomial;0.00108334983704267;0.00157616780212874;Zeb2;192
OK;negbinomial;2.00355178976616e-15;4.85036028713374e-15;Scn3a;167
OK;negbinomial;3.26521345570113e-33;1.23927794584667e-32;Kif22;577
OK;negbinomial;3.17730357678522e-31;1.15002890437787e-30;Hspa5;1466
OK;negbinomial;2.06652849300001e-95;2.43391133620001e-94;Myb;476
OK;negbinomial;1.17341721320537e-140;2.72086116311995e-139;1700088E04Rik;662
OK;negbinomial;2.52543361411663e-10;5.13389518266996e-10;Carhsp1;904
OK;negbinomial;4.58207556583918e-13;1.02871409072698e-12;Kcnk2;469
OK;negbinomial;6.32356397760846e-12;1.37799837632466e-11;D630023F18Rik;32
OK;negbinomial;0.212904988819498;0.244733542531476;Rundc3a;54
OK;negbinomial;1.34209022026299e-54;7.87218137102879e-54;Ftl1;1479
OK;negbinomial;3.98184906475892e-07;7.22379463582182e-07;Fcgrt;91
OK;negbinomial;5.30942526540611e-07;9.59706101566707e-07;Cplx2;317
OK;negbinomial;7.99579037728661e-115;1.39597093175216e-113;4932438H23Rik;408
OK;negbinomial;0.425263747072601;0.464014448293474;Rufy3;515
OK;negbinomial;7.75910135350577e-15;1.85418782747223e-14;Fth1;1479
OK;negbinomial;1.54613103880017e-09;3.05520434298196e-09;Fstl1;1226
OK;negbinomial;0.152158951872488;0.178501094528674;Parp6;157
OK;negbinomial;7.93721959711275e-16;1.94049981583448e-15;Fbln1;695
OK;negbinomial;0.381528208978354;0.420332488584912;Afap1;218
OK;negbinomial;0.000357551595696518;0.000543097817823574;Arx;131
OK;negbinomial;3.96236225945853e-22;1.13400882794851e-21;Hsp90b1;1470
OK;negbinomial;0.168580407173879;0.196214371957676;Trnp1;25
OK;negbinomial;0.0122531353644138;0.0166212549184552;Spats2l;929
OK;negbinomial;0.443208997530195;0.481142759571916;Tnfrsf13b;11
OK;negbinomial;3.03502971954753e-94;3.54644417622719e-93;Fhad1;354
OK;negbinomial;5.97778037075103e-34;2.32225813355878e-33;Pbk;700
OK;negbinomial;0.029376715285471;0.0381742955198239;Ndufa4l2;14
OK;negbinomial;2.04376521289003e-19;5.50444206157678e-19;Irx5;400
OK;negbinomial;0.00054847188920801;0.000814747030615302;Clmp;381
OK;negbinomial;2.42219061958469e-05;4.03426585798393e-05;Ddit4;190
OK;negbinomial;8.37322049777744e-20;2.27163788276083e-19;Slc16a6;695
OK;negbinomial;1.83729879946372e-180;7.3690578875788e-179;Anp32b;1404
OK;negbinomial;0.224427660359961;0.257380717136153;Bbc3;163
OK;negbinomial;0.0372521402355393;0.0476981674801901;Bmp7;1259
OK;negbinomial;2.24442590012622e-67;1.61685826979967e-66;Casp7;457
OK;negbinomial;5.47375862976457e-136;1.21239668754785e-134;Iqcg;602
OK;negbinomial;3.4252890202411e-61;2.23926383525894e-60;Tbc1d9;951
OK;negbinomial;0.00454144009796728;0.0063700350712509;Fjx1;211
OK;negbinomial;0.000199614989259153;0.000309538813020463;Gm10709;866
OK;negbinomial;0.000433506347482419;0.000651796777774985;Car10;61
OK;negbinomial;3.66006708590281e-05;5.99507677205272e-05;Rpgrip1;577
OK;negbinomial;0.00378956235795492;0.0053355887468739;Nova2;138
OK;negbinomial;2.21621658557047e-41;1.03423440659955e-40;Slco1c1;146
OK;negbinomial;3.68336524270876e-05;6.02658657131179e-05;Islr;146
OK;negbinomial;3.00501216688408e-27;9.69443055577387e-27;Lrrtm3;178
OK;negbinomial;4.19196962397128e-20;1.14776437674786e-19;Ier5l;676
OK;negbinomial;9.50582919453442e-42;4.49256386136595e-41;Psrc1;394
OK;negbinomial;7.68635828781887e-05;0.000122256759904857;Rasgef1b;109
OK;negbinomial;0.0107260693837929;0.0146569861561221;Gm27199;36
OK;negbinomial;2.32118597771464e-78;2.06265867720271e-77;Mrps6;1377
OK;negbinomial;1.84026394240976e-09;3.63158469486181e-09;Bub3;1187
OK;negbinomial;7.56629671086769e-28;2.48966392880879e-27;H3f3b;1479
OK;negbinomial;0.000107631672529739;0.000170464676663962;Slc30a10;110
OK;negbinomial;0.700503161020031;0.728994874441603;Ttc9b;10
OK;negbinomial;2.95585900142824e-130;6.00889692893082e-129;Ccpg1os;893
OK;negbinomial;3.80439001657969e-05;6.21774756013685e-05;Ggt5;18
OK;negbinomial;0.500034615147424;0.536940209029506;Tuba4a;23
OK;negbinomial;8.75080397650872e-08;1.62327413764237e-07;Nrep;1288
OK;negbinomial;1.61049007012561e-05;2.70052798199593e-05;Mef2c;149
OK;negbinomial;0.244135411549735;0.278475749992166;Ctsz;1094
OK;negbinomial;2.27180613064711e-75;1.93756338958638e-74;Mcm5;633
OK;negbinomial;1.18189237260442e-19;3.19476918204912e-19;Sertm1;124
OK;negbinomial;4.70982937315605e-68;3.47730686057889e-67;Gmnn;816
OK;negbinomial;0.0675891515462222;0.0837947375894685;Lpar1;62
OK;negbinomial;9.58816459514228e-10;1.91247799182677e-09;Tspo;493
OK;negbinomial;7.01552198433001e-12;1.52208108548914e-11;Daam1;1121
OK;negbinomial;2.91800403629643e-19;7.84477896714474e-19;Fam84b;1066
OK;negbinomial;1.64539205230609e-40;7.4671614850833e-40;Wnt3a;386
OK;negbinomial;5.92871772683865e-27;1.88398653246864e-26;Flrt3;797
OK;negbinomial;2.15553728762531e-40;9.72284904205458e-40;Kif11;511
OK;negbinomial;0.969354772197365;0.971318353775077;Fam57b;13
OK;negbinomial;7.96010803342992e-06;1.3515789841659e-05;Bambi;761
OK;negbinomial;1.77012786326088e-07;3.25107642212765e-07;Enc1;128
OK;negbinomial;3.36644565174776e-49;1.79061123555329e-48;Calr;1478
OK;negbinomial;2.32005811210462e-59;1.47135309331763e-58;Wdr66;114
OK;negbinomial;0.0993480679461169;0.120451415712449;Dact1;52
OK;negbinomial;0.16110482366985;0.188399967160014;Sox21;31
OK;negbinomial;4.90855594312778e-29;1.67840945152111e-28;Ppia;1479
OK;negbinomial;0.0531593409115842;0.0670250313617595;Serpini1;37
OK;negbinomial;0.119707177223596;0.14303176409003;Irf7;12
OK;negbinomial;1.95590880348175e-96;2.3791546429237e-95;Vim;1479
OK;negbinomial;3.16635358877976e-34;1.23980705164886e-33;Nes;639
OK;negbinomial;1.05572740753852e-51;6.00267997236462e-51;Slitrk6;113
OK;negbinomial;5.67711377094733e-21;1.60168000686043e-20;Lamb1;290
OK;negbinomial;0.0104277668153703;0.0142624939668291;Mir124-2hg;65
OK;negbinomial;2.6224263655143e-28;8.70622086448146e-28;Galnt14;177
OK;negbinomial;3.27653482900423e-22;9.44151007037336e-22;Dek;1371
OK;negbinomial;1.81894166289916e-32;6.74827356935587e-32;Kctd12;220
OK;negbinomial;1.04044085113523e-09;2.06972415963095e-09;Pdpn;871
OK;negbinomial;0.00772658483132014;0.0106662808276085;Sned1;53
OK;negbinomial;1.41815524165984e-05;2.38340020229128e-05;Cxxc5;1210
OK;negbinomial;0.00978290390022103;0.0134299994337909;Lmx1a;1030
OK;negbinomial;1.95551793130102e-27;6.36401010976035e-27;Gsta4;1351
OK;negbinomial;2.3824986783209e-14;5.59434816238641e-14;Prdm16;926
OK;negbinomial;8.21021724353494e-15;1.9525580752253e-14;Nefm;359
OK;negbinomial;6.12286099171369e-51;3.40311824408357e-50;Dhfr;671
OK;negbinomial;5.37188762933249e-69;4.15202148017157e-68;Ccdc108;139
OK;negbinomial;6.75988633684877e-97;8.35972610323632e-96;1700003E16Rik;294
OK;negbinomial;0.0956490521313756;0.116251591615857;Arid5b;908
OK;negbinomial;2.72005604027693e-09;5.33231593628925e-09;Mkrn2os;15
OK;negbinomial;2.63598286977194e-98;3.343417588668e-97;6820408C15Rik;332
OK;negbinomial;2.84423088754997e-11;6.012590651174e-11;Rcor2;390
OK;negbinomial;2.91065516081462e-20;8.02864732090872e-20;Cdca2;495
OK;negbinomial;3.39504423319687e-14;7.89693674304726e-14;Chst1;117
OK;negbinomial;3.23107388339884e-17;8.25286341301871e-17;Asb4;260
OK;negbinomial;0.000220077200292193;0.00033914285070988;Nefl;109
OK;negbinomial;1.26279544308399e-23;3.77820249503356e-23;6330403K07Rik;1218
OK;negbinomial;1.07966214345188e-66;7.59345317953833e-66;Zfp36l1;1220
OK;negbinomial;0.00444731172804006;0.00624390785658604;Adamts1;826
OK;negbinomial;3.04893216439377e-19;8.1819445424238e-19;Pmp22;146
OK;negbinomial;1.47818203874222e-108;2.23838994438107e-107;Dnah7a;464
OK;negbinomial;1.27026688192971e-25;3.96858116375514e-25;Slc14a2;446
OK;negbinomial;0.180533423934845;0.208653894952733;Tmem200a;36
OK;negbinomial;0.277384212586783;0.312320312199382;Lrfn5;25
OK;negbinomial;0.136776666365692;0.162251457143635;Cpne4;12
OK;negbinomial;0.0184665977090355;0.0245779650226087;Kcnb2;10
OK;negbinomial;2.3370795118882e-05;3.901266586774e-05;Zfhx3;895
OK;negbinomial;0.103292677767601;0.124623035615545;Sertad4;15
OK;negbinomial;1.18941102914234e-10;2.4583370017371e-10;Rbms1;746
OK;negbinomial;1.1519604350155e-09;2.28849971293575e-09;Kif20b;613
OK;negbinomial;1.59165300025018e-06;2.78539275043782e-06;Itgb5;246
OK;negbinomial;4.89801497846135e-43;2.37537719870479e-42;Pltp;321
OK;negbinomial;3.81373872671725e-08;7.1822186173203e-08;Spsb4;370
OK;negbinomial;6.31278665915657e-36;2.60227094505232e-35;Clspn;509
OK;negbinomial;3.09710178994377e-16;7.6347160403265e-16;Tuba1b;1467
OK;negbinomial;2.24182302312051e-87;2.28795733981001e-86;Cst3;1418
OK;negbinomial;8.54719240268206e-14;1.96651682567134e-13;Edil3;458
OK;negbinomial;5.4638018109663e-30;1.90783103234682e-29;Aard;188
OK;negbinomial;3.5992934266278e-22;1.03314341298175e-21;Mafb;641
OK;negbinomial;0.00606717664895139;0.00845416915215387;Fibin;19
OK;negbinomial;0.0641346874181541;0.0799125744152315;Zfhx4;584
OK;negbinomial;3.33363303277418e-39;1.47674967780205e-38;1700086L19Rik;189
OK;negbinomial;0.000949492455091187;0.0013882234515816;Ctsc;464
OK;negbinomial;1.8144908888178e-56;1.09016375668244e-55;Ccdc60;479
OK;negbinomial;1.28695938099199e-06;2.27092475789787e-06;Dcc;60
OK;negbinomial;0.164701180177143;0.192151376873334;E130114P18Rik;64
OK;negbinomial;0.0765866429373465;0.0943191519659936;Akap6;14
OK;negbinomial;4.12459453566341e-34;1.61076270813803e-33;Kctd1;383
OK;negbinomial;9.40258704786859e-18;2.44797178579596e-17;Sgol2a;536
OK;negbinomial;2.75029457682181e-73;2.26746508444642e-72;Rpa2;606
OK;negbinomial;3.63179036342374e-27;1.16405548581443e-26;Axin2;1126
OK;negbinomial;4.75638400443524e-33;1.79149082806647e-32;Eno1;1300
OK;negbinomial;8.75071581347835e-101;1.16991551956774e-99;Wdr63;252
OK;negbinomial;9.08121567359605e-90;9.62608861401181e-89;Ttc25;388
OK;negbinomial;0.37584418060725;0.414686069904207;Tagln;44
OK;negbinomial;0.928849600543711;0.938334109739188;Gdap1l1;11
OK;negbinomial;2.31689454907836e-105;3.33812768041969e-104;Kif9;300
OK;negbinomial;4.31327814908048e-17;1.09417175610862e-16;Uchl1;1041
OK;negbinomial;2.58855199340505e-14;6.04946639088676e-14;9530053A07Rik;124
OK;negbinomial;0.125318902230126;0.149136528395756;Gsc2;22
OK;negbinomial;0.392205179243765;0.430179220988727;Adamts5;711
OK;negbinomial;4.63816203762779e-16;1.13769131633713e-15;Slbp;1198
OK;negbinomial;2.52170051564296e-06;4.38710851724988e-06;Dusp15;32
OK;negbinomial;0.000418918605022209;0.000631142345028383;2310008N11Rik;10
OK;negbinomial;6.60182358108531e-43;3.18087863452292e-42;Slc35g3;112
OK;negbinomial;3.90898119561046e-96;4.71620170267148e-95;Ppp1r14b;1447
OK;negbinomial;2.60964664215093e-63;1.72889090042499e-62;Spc24;830
OK;negbinomial;2.7061142575849e-14;6.31426660103144e-14;Sp5;1041
OK;negbinomial;0.508448281808;0.5436147335757;Gria2;22
OK;negbinomial;8.31245889990133e-06;1.40979302942327e-05;Tpm2;259
OK;negbinomial;1.31553852480265e-13;3.0034756473956e-13;Idi1;440
OK;negbinomial;1.50456347183252e-08;2.89594318054405e-08;Flrt1;904
OK;negbinomial;0.847106305997156;0.862804226561276;Trim7;20
OK;negbinomial;0.00032519959811043;0.000495478648455727;Emc2;1356
OK;negbinomial;0.792762408019484;0.814722585526949;Ctsf;241
OK;negbinomial;6.90388667723736e-93;7.94214560389166e-92;Lrrc23;534
OK;negbinomial;0.0129734807447464;0.0175342854510052;Fermt1;15
OK;negbinomial;0.503245659688093;0.53844020113708;Fosb;115
OK;negbinomial;0.500929139204573;0.537511816760367;Cd63;1378
OK;negbinomial;1.77152877318047e-28;5.93442144334044e-28;Kif2c;438
OK;negbinomial;0.00191086685504512;0.00273718765722679;Gng11;153
OK;negbinomial;0.000143767353797922;0.000224816388868405;Slc16a3;74
OK;negbinomial;7.5917819229951e-08;1.41003809433351e-07;Sptbn1;1008
OK;negbinomial;1.50054671353284e-38;6.53023848352708e-38;Traf3ip2;122
OK;negbinomial;1.94260324795243e-09;3.82337297077109e-09;Ncl;1468
OK;negbinomial;3.89409192171032e-45;1.94573481879398e-44;Mapre2;1037
OK;negbinomial;0.00493385491960365;0.00689438860705444;Cldn5;10
OK;negbinomial;0.000161350140456534;0.000251780871122498;Tbx1;31
OK;negbinomial;1.99347500709421e-26;6.28092762320128e-26;Pnpla2;564
OK;negbinomial;2.53354483551459e-24;7.73617394218857e-24;Hist1h1e;379
OK;negbinomial;4.93078065205519e-09;9.61534623869896e-09;Atp2b2;301
OK;negbinomial;4.39607940294095e-18;1.15669890673127e-17;Gm29478;598
OK;negbinomial;0.000595629299248219;0.000882149580922513;Dpysl4;159
OK;negbinomial;7.74081693046972e-18;2.01887035585537e-17;Bub1b;617
OK;negbinomial;0.949049348928951;0.954193247839135;Ncan;31
OK;negbinomial;0.0997397634338354;0.120827599131275;Hecw1;14
OK;negbinomial;0.00703469556602388;0.00972019387335144;Col2a1;689
OK;negbinomial;3.11916489444174e-08;5.90413355019329e-08;Igsf21;240
OK;negbinomial;5.51736491143589e-67;3.93642765796676e-66;Uhrf1;653
OK;negbinomial;0.0946363680551804;0.115115057535973;Dct;12
OK;negbinomial;6.58115250798447e-08;1.22539903661844e-07;Hes1;517
OK;negbinomial;2.08711788955501e-10;4.25450954409291e-10;Dmkn;27
OK;negbinomial;1.42932022195766e-06;2.51019078033748e-06;Syt11;705
OK;negbinomial;0.0228907905009989;0.0300885147063617;Hspa1a;39
OK;negbinomial;0.000491649592625705;0.000734012067863728;Tubb4a;293
OK;negbinomial;0.153763179763696;0.180098309999467;Plek;12
OK;negbinomial;5.6713369570335e-17;1.42648543122673e-16;Pdgfa;644
OK;negbinomial;1.02486735554935e-23;3.084996258895e-23;Cldn3;399
OK;negbinomial;3.22771448862213e-53;1.84939316645376e-52;Gm29538;126
OK;negbinomial;4.72751664681915e-35;1.89100665872766e-34;Calm2;1473
OK;negbinomial;5.62493265719412e-20;1.52882785041686e-19;Ccne1;466
OK;negbinomial;1.07399805699026e-11;2.30653128302972e-11;Fam212a;44
OK;negbinomial;0.107297068445952;0.129034724127871;Tmem37;196
OK;negbinomial;0.0905537100955075;0.110332968882115;Thsd7a;18
OK;negbinomial;1.08433507934138e-34;4.29107535398028e-34;Arl4a;1195
OK;negbinomial;1.13868709180785e-27;3.73026853033743e-27;Ckap2l;482
OK;negbinomial;8.34602506615262e-05;0.000132323730749685;Arl4c;1206
OK;negbinomial;2.71682075149569e-33;1.03378512697939e-32;Ankrd66;66
OK;negbinomial;3.28825763766367e-22;9.45692700444359e-22;Emx2;849
OK;negbinomial;8.38942305751145e-07;1.49638267035421e-06;Cdh11;566
OK;negbinomial;1.44341243376415e-08;2.78184941779999e-08;Casc5;616
OK;negbinomial;1.88470166119738e-09;3.71433899763202e-09;Chaf1b;613
OK;negbinomial;0.0738664352367987;0.0910446759895426;Plxdc2;908
OK;negbinomial;0.0215854714982364;0.0284483478715655;mt-Nd4;1479
OK;negbinomial;0.0225702108880384;0.0296934334732704;Gprin1;19
OK;negbinomial;0.000110900439895338;0.000175267574871866;Timp3;283
OK;negbinomial;4.70698083452205e-91;5.09865661199322e-90;Drc1;277
OK;negbinomial;0.00307562490638615;0.00434274725126265;Pde1c;98
OK;negbinomial;0.00169354498228331;0.0024376534953525;Prr32;80
OK;negbinomial;4.88324060656013e-33;1.83461495193297e-32;Sapcd2;305
OK;negbinomial;0.000137030890814918;0.000214961777980273;Phlda1;154
OK;negbinomial;1.56219175751131e-128;3.13282779479295e-127;Rps8;1479
OK;negbinomial;3.27574738043477e-28;1.08509131976902e-27;Slc1a2;213
OK;negbinomial;0.204088194184409;0.234780527263304;Gsc;70
OK;negbinomial;1.14961335622515e-74;9.63856621829446e-74;Tcp11;244
OK;negbinomial;4.49448758523185e-21;1.2704418240922e-20;Slc5a3;984
OK;negbinomial;0.593934404129046;0.627776820318735;Pgpep1;424
OK;negbinomial;7.4715059082154e-13;1.67235516859603e-12;Cdc25b;461
OK;negbinomial;5.73547647533622e-45;2.85619029845602e-44;Tk1;473
OK;negbinomial;1.17053223799086e-210;6.43359200436459e-209;Fam216a;1215
OK;negbinomial;6.84631452128816e-176;2.53998268739791e-174;Acyp1;986
OK;negbinomial;8.23997105270333e-05;0.00013092202400655;Sez6;46
OK;negbinomial;3.97418554708933e-05;6.48097950756106e-05;Pgam1;1451
OK;negbinomial;0.831127567582961;0.850029848582435;Dok2;11
OK;negbinomial;1.2696968096469e-92;1.4274470193303e-91;Dctpp1;1114
OK;negbinomial;0.0340616164292208;0.0438399295585114;Kcne1l;158
OK;negbinomial;1.3699212719991e-33;5.29417491574652e-33;Rgs2;469
OK;negbinomial;1.16269017059302e-85;1.13515277181581e-84;Cdc20b;195
OK;negbinomial;0.457974207287082;0.495721169667418;Pxylp1;142
OK;negbinomial;0.000161845293173491;0.000252288251123383;Trp53cor1;82
OK;negbinomial;1.13987287937475e-13;2.61448431683483e-13;Hsp90ab1;1479
OK;negbinomial;1.33351301629729e-28;4.49757571860269e-28;Pcbp4;1064
OK;negbinomial;4.09834728268459e-24;1.24121374847019e-23;Cdc6;195
OK;negbinomial;5.32471138910514e-110;8.49663623809896e-109;Fbxo36;389
OK;negbinomial;8.79102131695991e-33;3.29441303898195e-32;Smim5;82
OK;negbinomial;1.32436620816051e-93;1.53543707258609e-92;Lrrc10b;407
OK;negbinomial;6.49929005895405e-43;3.14167636725988e-42;Fam81a;776
OK;negbinomial;1.44873757534903e-40;6.61515865174759e-40;Atad2;536
OK;negbinomial;0.486012582283653;0.523018616467687;Abcg1;41
OK;negbinomial;6.58779770949329e-28;2.17250928908623e-27;Hspd1;1417
OK;negbinomial;0.311222688620159;0.347781980355659;Gpm6b;115
OK;negbinomial;0.000268480061645264;0.000411595466406582;Fras1;956
OK;negbinomial;9.23172028699599e-93;1.04579182487802e-91;Rplp1;1478
OK;negbinomial;2.63549428712862e-17;6.76656318702226e-17;Kcnk1;703
OK;negbinomial;5.90623654008253e-06;1.00977592459476e-05;Cadm1;1298
OK;negbinomial;0.00162165237156788;0.00234326399163265;Plpp3;417
OK;negbinomial;5.9374567549364e-18;1.55674661207166e-17;Kdm5b;1187
OK;negbinomial;0.170400781887525;0.198022521786286;Apc2;66
OK;negbinomial;0.391125714182861;0.429630318169775;Aldoc;57
OK;negbinomial;6.48494386440728e-141;1.52756455472705e-139;Ndufaf3;918
OK;negbinomial;6.47369204618166e-05;0.000103523265048853;Hey1;134
OK;negbinomial;9.6437847544089e-06;1.62999733206638e-05;Pcdh9;624
OK;negbinomial;0.175168309671945;0.203085759025911;Ackr3;177
OK;negbinomial;3.11569827573886e-51;1.73823166962273e-50;Dpysl2;908
OK;negbinomial;0.0357637390632661;0.0458715546844312;Syt13;39
OK;negbinomial;1.00631470930192e-312;1.6593011428934e-310;Nudc;1459
OK;negbinomial;3.35192026526746e-45;1.68048975461382e-44;Ptms;1469
OK;negbinomial;4.01475195084291e-71;3.18603844655127e-70;Lhb;189
OK;negbinomial;1.18127239711877e-05;1.98979368595262e-05;Snhg11;304
OK;negbinomial;5.25774503786331e-86;5.2016624241261e-85;Cfap69;440
OK;negbinomial;6.71904403409425e-69;5.16635302932428e-68;Mcm4;612
OK;negbinomial;0.443024750090353;0.481142759571916;Gbp7;18
OK;negbinomial;8.65441134492085e-12;1.86945362967431e-11;Fdps;679
OK;negbinomial;0.0897677832878002;0.10964229662477;Tenm1;15
OK;negbinomial;0.39153469296454;0.429761452928534;Map6;32
OK;negbinomial;0.000934590685817852;0.00136778360725216;Hist3h2a;416
OK;negbinomial;2.19311676661916e-13;4.96883249108829e-13;Il1rap;648
OK;negbinomial;3.66031673495306e-24;1.11082004798985e-23;Wnt9a;396
OK;negbinomial;1.25682806596975e-20;3.50588881559982e-20;Lhfpl2;414
OK;negbinomial;4.37034623418605e-37;1.84774752465302e-36;Galnt7;1070
OK;negbinomial;2.31073341155702e-68;1.72318009183448e-67;Mcm7;887
OK;negbinomial;4.17823519163904e-06;7.16820927675414e-06;Fam162a;1134
OK;negbinomial;0.345371419003128;0.383631127096289;Magel2;13
OK;negbinomial;7.21580729159452e-18;1.88525669378984e-17;Lurap1l;244
OK;negbinomial;3.72666773228093e-48;1.95419608293459e-47;Kif23;403
OK;negbinomial;0.76086506745576;0.785204283799964;Gm42637;12
OK;negbinomial;9.43189170377053e-76;8.0907094152575e-75;Pacrg;460
OK;negbinomial;0.677077472640744;0.707095685713487;Pcdh17;62
OK;negbinomial;9.92963862004007e-73;8.09647456710959e-72;Cdv3;1445
OK;negbinomial;3.83689790634287e-50;2.08569834908895e-49;Ppp1r36;160
OK;negbinomial;3.26639334883838e-16;8.02537703588768e-16;Lpl;224
OK;negbinomial;0.804599245955973;0.825743624480404;Cyfip2;283
OK;negbinomial;0.503041339516177;0.53844020113708;Spint1;26
OK;negbinomial;1.3010737497187e-09;2.57782836392863e-09;Slc4a5;89
OK;negbinomial;2.93420631918411e-47;1.5225042579263e-46;Ccdc81;100
OK;negbinomial;5.00862199870036e-78;4.42428276551865e-77;Map9;613
OK;negbinomial;0.00666076325311198;0.00924656002583553;Gsn;770
OK;negbinomial;7.20989721919882e-07;1.28909487630013e-06;Cachd1;923
OK;negbinomial;3.71490478484686e-07;6.76431742418742e-07;Cmip;520
OK;negbinomial;1.1231940137252e-05;1.89626839177269e-05;Dlx5;67
OK;negbinomial;0.000170228242402071;0.000264522211230025;Irx3;152
OK;negbinomial;4.4894230384395e-38;1.93110254754905e-37;Hells;741
OK;negbinomial;6.65181977859613e-09;1.29036608515512e-08;Fam47e;19
OK;negbinomial;7.9297589260529e-123;1.45281015385957e-121;Tmem107;995
OK;negbinomial;1.35497287984257e-49;7.33861223973131e-49;Wscd1;478
OK;negbinomial;2.95337254108361e-102;4.09607929997016e-101;Nucks1;1362
OK;negbinomial;6.51035337710007e-07;1.17195293528295e-06;Blvrb;362
OK;negbinomial;0.833987743357512;0.851781012486268;Fam78b;24
OK;negbinomial;0.0493108892249258;0.0623316521378108;Chn2;183
OK;negbinomial;0.843313267627668;0.86012157330547;Sv2b;11
OK;negbinomial;0.000168744394696062;0.000262491280638318;Palmd;96
OK;negbinomial;0.624701046276597;0.6551635001233;Lgals3bp;10
OK;negbinomial;0.00803312622178209;0.0110791443430526;Txnip;263
OK;negbinomial;1.50962548559205e-42;7.18039814300836e-42;Lockd;568
OK;negbinomial;0.339861582225655;0.377793698893537;Ptprz1;77
OK;negbinomial;0.0194417401028702;0.0257603056363031;Rhbdl3;21
OK;negbinomial;0.14467530465776;0.17039535881914;Adamts9;202
OK;negbinomial;9.42148535809243e-115;1.62575398504758e-113;Spa17;891
OK;negbinomial;0.276598893408085;0.311672557188761;Rarb;13
OK;negbinomial;1.22144597174603e-57;7.45936552292637e-57;Wdr78;776
OK;negbinomial;0.885174598384935;0.899109585217826;Prelp;46
OK;negbinomial;0.0424838355519236;0.0540703361569937;Serping1;248
OK;negbinomial;0.000652396524851529;0.000963339744158875;9130230L23Rik;235
OK;negbinomial;0.105160365106374;0.126670439787223;Pdgfrb;36
OK;negbinomial;3.56017825098141e-128;7.04440603260856e-127;Pih1d2;593
OK;negbinomial;9.60971260142702e-32;3.50388538096258e-31;Cfap57;92
OK;negbinomial;1.30275094166569e-42;6.21634211392887e-42;Arsg;451
OK;negbinomial;4.39547303448407e-91;4.79623675233408e-90;Dpcd;1282
OK;negbinomial;4.57730257723203e-17;1.15719199737859e-16;Thra;809
OK;negbinomial;6.16885153367782e-05;9.88615083798908e-05;Tm6sf1;40
OK;negbinomial;3.67773439765702e-23;1.08504132129682e-22;Rnf165;256
OK;negbinomial;0.369860968903534;0.408996779324028;Ppfia4;26
OK;negbinomial;1.13017662019778e-06;2.00141062574405e-06;Gabra2;723
OK;negbinomial;0.00067120781312745;0.000989148356187821;Sp8;63
OK;negbinomial;0.682776826144669;0.71254627988656;Tmem47;1146
OK;negbinomial;2.56683864196685e-24;7.82174239153759e-24;Srm;651
OK;negbinomial;5.67964936203213e-18;1.49178754924879e-17;Gabrg1;371
OK;negbinomial;8.85044031892158e-93;1.01031180255997e-91;Tango6;365
OK;negbinomial;0.00638179668261055;0.00886759014699819;Abca1;127
OK;negbinomial;5.525820020267e-12;1.20770499412021e-11;Homer2;433
OK;negbinomial;0.918613169720819;0.928625302360828;Akr1b8;159
OK;negbinomial;2.000161110315e-41;9.36353024513392e-41;Hdc;88
OK;negbinomial;1.37167783194551e-17;3.54628902893229e-17;Dnah3;48
OK;negbinomial;0.0454331756087263;0.0576263526524357;Sat1;217
OK;negbinomial;8.52353640977241e-43;4.08029936519428e-42;Esco2;408
OK;negbinomial;3.98213551467554e-17;1.01363449464468e-16;Mycn;204
OK;negbinomial;0.0999856396881795;0.121026663374599;Rbfox1;111
OK;negbinomial;1.41834054968596e-46;7.30839366574291e-46;Cdca7;468
OK;negbinomial;2.00968813765305e-14;4.73393205758274e-14;Hpcal1;726
OK;negbinomial;7.19827910537346e-97;8.8283026383258e-96;Saxo2;375
OK;negbinomial;8.49266604671841e-48;4.43771704694722e-47;Capsl;253
OK;negbinomial;6.89196091148836e-07;1.23522584452279e-06;Cks1b;1302
OK;negbinomial;9.13043207009112e-89;9.54194450141917e-88;Ccdc34;1433
OK;negbinomial;1.74336442602316e-98;2.23030414501584e-97;Dnajc9;1087
OK;negbinomial;1.77952742709178e-51;1.00794606939092e-50;Nde1;670
OK;negbinomial;4.9720525491463e-27;1.58677978127594e-26;Ndrg2;529
OK;negbinomial;4.05082323750751e-05;6.59870656911213e-05;Ahnak;301
OK;negbinomial;3.42380456540308e-86;3.41001743292495e-85;Ubxn10;337
OK;negbinomial;4.26983880208993e-59;2.69635777970275e-58;Iqca;169
OK;negbinomial;1.09186637395934e-139;2.45504499841767e-138;Rps20;1479
OK;negbinomial;2.8773277335808e-08;5.46729110964649e-08;Cgnl1;507
OK;negbinomial;0.000403067486072075;0.000609116241681221;Slit2;1098
OK;negbinomial;3.31472912264126e-23;9.81847907784356e-23;Sept4;641
OK;negbinomial;0.399379625143771;0.437401744437901;Fgd2;15
OK;negbinomial;1.36090288478317e-95;1.61566390481458e-94;Slc12a2;736
OK;negbinomial;6.14944212741523e-17;1.54412387767922e-16;Crip2;1429
OK;negbinomial;3.95829078181522e-107;5.87410352021378e-106;Rsph9;688
OK;negbinomial;3.25170258234882e-65;2.24443099172356e-64;Hspa4l;939
OK;negbinomial;9.71463055511449e-08;1.79981420022346e-07;Jund;1449
OK;negbinomial;1.31040322704598e-06;2.30680710431345e-06;Gpm6a;738
OK;negbinomial;0.0117950242972009;0.0160585468413267;Wdr47;250
OK;negbinomial;0.524323016978557;0.559780832515237;Ckmt1;14
OK;negbinomial;1.36259545300733e-49;7.35306055368322e-49;1700026L06Rik;238
OK;negbinomial;1.1268725864441e-06;1.9979437494421e-06;Hand2;78
OK;negbinomial;1.34287747102478e-13;3.06118305222854e-13;Fign;591
OK;negbinomial;2.76934441519296e-09;5.42177719280521e-09;Mfge8;743
OK;negbinomial;1.55318413429812e-83;1.46810525815185e-82;Efcab1;519
OK;negbinomial;5.09516516043113e-11;1.06646334246541e-10;Zic2;1146
OK;negbinomial;3.14013779959214e-16;7.72796765272759e-16;Crb3;295
OK;negbinomial;6.19888478946967e-49;3.28540893841893e-48;Stk33;146
OK;negbinomial;3.41226879061924e-13;7.69575514480083e-13;Rangap1;976
OK;negbinomial;0.0566517353779776;0.0711262058383407;Grina;752
OK;negbinomial;5.70199356740273e-46;2.90782077457926e-45;AI854517;644
OK;negbinomial;0.033113940720145;0.0427313808945175;Arl8a;542
OK;negbinomial;2.25095533431443e-87;2.28795733981001e-86;Rpl32;1479
OK;negbinomial;0.0201155555386549;0.0266056010867771;Cbfa2t2;271
OK;negbinomial;1.07966384866514e-17;2.80599150861482e-17;Trp53inp1;369
OK;negbinomial;0.000418281752455523;0.000631081191283332;Wfikkn2;451
OK;negbinomial;2.37527753274875e-09;4.66875742860813e-09;Erdr1;1037
OK;negbinomial;6.86814927366567e-05;0.000109594984108816;Snhg12;415
OK;negbinomial;0.163598018924977;0.191014524063467;Rbms3;36
OK;negbinomial;1.09420767551979e-55;6.49521676188549e-55;Rd3;461
OK;negbinomial;0.00266237054598308;0.00378807084394908;Ubald2;1171
OK;negbinomial;8.44569982739598e-07;1.50461207009071e-06;Manf;1436
OK;negbinomial;0.0167893155469051;0.0224867728083097;Zbtb18;306
OK;negbinomial;0.0180683659760199;0.0241345230498772;Traf4;927
OK;negbinomial;5.52555598638357e-58;3.38839879495587e-57;D430041D05Rik;170
OK;negbinomial;3.26145545309875e-18;8.64285695071168e-18;Auts2;1071
OK;negbinomial;1.5048975113288e-77;1.32146029988872e-76;Lrrc34;301
OK;negbinomial;1.36497400769579e-14;3.23065618408381e-14;Pdgfra;387
OK;negbinomial;0.0346140373632838;0.0445123322765279;Plcb1;40
OK;negbinomial;0.596875069174922;0.630436016124971;Gdi1;553
OK;negbinomial;4.86738516198887e-05;7.83427286376517e-05;4631405K08Rik;13
OK;negbinomial;5.69861772183751e-41;2.64273396850215e-40;Rad51;504
OK;negbinomial;0.0188136616307836;0.0249950526947922;Synpr;17
OK;negbinomial;0.94063169504087;0.948299888206964;Cbln1;18
OK;negbinomial;1.10068404197363e-35;4.52469561852871e-35;Plagl1;832
OK;negbinomial;0.000933864171454055;0.00136778360725216;Fgfbp3;215
OK;negbinomial;0.050797062615002;0.0641556092941812;Atp2b1;1221
OK;negbinomial;8.01401742578768e-44;3.91210587495688e-43;Acadl;941
OK;negbinomial;2.61698478646207e-06;4.54754733385213e-06;Rpl29;1471
OK;negbinomial;0.247169327808011;0.281503670350797;Pcdhb7;10
OK;negbinomial;5.89753869736867e-97;7.35457766965976e-96;Ran;1478
OK;negbinomial;2.19637669684932e-68;1.64617324147697e-67;Ddah2;1423
OK;negbinomial;3.23050248574357e-100;4.20532077968724e-99;Phgdh;1327
OK;negbinomial;3.75830413706041e-06;6.46271534113285e-06;Amotl2;653
OK;negbinomial;7.92010532599084e-82;7.30027099613068e-81;Cntrl;750
OK;negbinomial;2.00725350094149e-17;5.17146561700897e-17;Foxp2;533
OK;negbinomial;0.0866474062210955;0.106093028739361;Nfkbia;1093
OK;negbinomial;9.84155531252162e-15;2.3330460197735e-14;Dlgap5;520
OK;negbinomial;4.22152711497387e-06;7.23411805845406e-06;Klf6;329
OK;negbinomial;8.27942634711077e-43;3.97626818741501e-42;Tsnaxip1;88
OK;negbinomial;1.72360444519978e-123;3.27926794445701e-122;D430042O09Rik;888
OK;negbinomial;0.0884078217840054;0.108070187419657;Pla2r1;16
OK;negbinomial;3.85919960688891e-11;8.10049818475691e-11;Dusp1;835
OK;negbinomial;0.621597390126514;0.652519449899336;Crip1;666
OK;negbinomial;0.267993501567582;0.302895930179963;Sox1;39
OK;negbinomial;3.28463383601435e-10;6.64086731968024e-10;Pgrmc1;1453
OK;negbinomial;4.47969519271265e-35;1.79672099080691e-34;Ldb2;595
OK;negbinomial;0.475892347782365;0.513991444038595;Mast1;19
OK;negbinomial;0.0334515229315886;0.0430920659986783;Ctxn1;1367
OK;negbinomial;2.7591927995527e-14;6.42800959895794e-14;Nrip1;904
OK;negbinomial;0.692400349239633;0.722081601034164;Nav3;182
OK;negbinomial;9.22789927800266e-84;8.77833495420253e-83;Erich2;474
OK;negbinomial;7.13780583025618e-07;1.27774473487336e-06;Eif5a;1478
OK;negbinomial;1.00147382124702e-06;1.77986485117435e-06;Tshz2;326
OK;negbinomial;0.869831434832899;0.884736017335176;Brinp2;11
OK;negbinomial;0.902300967088823;0.913379696561946;Gfra1;15
OK;negbinomial;3.31567494783718e-05;5.44298852056458e-05;Col11a1;912
OK;negbinomial;0.478055351548412;0.515952103052977;Col6a2;55
OK;negbinomial;0.772651804317332;0.795708034425345;Frrs1l;11
OK;negbinomial;1.17636278727923e-05;1.98377542763906e-05;Mitf;481
OK;negbinomial;4.26465523589996e-110;6.87907431529951e-109;Oscp1;913
OK;negbinomial;5.96099388149626e-08;1.11412026702021e-07;Ccng1;390
OK;negbinomial;0.583637439800016;0.618214104684671;Hhex;29
OK;negbinomial;0.889068151990465;0.902446742512893;A330009N23Rik;29
OK;negbinomial;0.0516381305786692;0.0651624028730825;Nfe2l3;12
OK;negbinomial;0.186890400960807;0.215665128324912;Cadps;23
OK;negbinomial;3.2500948390499e-05;5.3412411308417e-05;Cd59a;269
OK;negbinomial;2.48356974916668e-11;5.2727002972294e-11;Ccdc3;166
OK;negbinomial;6.52223682696301e-12;1.41920813067641e-11;Vldlr;411
OK;negbinomial;3.31344151150099e-06;5.71097236128625e-06;Gng2;739
OK;negbinomial;5.69426618441591e-08;1.06561046881125e-07;Fam204a;1200
OK;negbinomial;8.28688406905717e-09;1.60544855854841e-08;Lrrn3;143
OK;negbinomial;0.837405830997143;0.854683805501899;Dusp26;68
OK;negbinomial;3.15681192633481e-60;2.01927107701761e-59;Tkt;1332
OK;negbinomial;4.79185952407411e-05;7.72947775404998e-05;Apobec1;14
OK;negbinomial;0.0237480874972489;0.0311326518073476;Ddr2;25
OK;negbinomial;4.3846550150236e-17;1.11038021199574e-16;Efnb1;471
OK;negbinomial;2.33700343919212e-30;8.29692130086391e-30;Ccnf;323
OK;negbinomial;1.76475579941387e-11;3.76278391714106e-11;Ier2;1053
OK;negbinomial;0.000299065770761925;0.000456598357829935;S100a13;99
OK;negbinomial;0.00474978287199955;0.00664342863529437;Tril;144
OK;negbinomial;1.45647908262776e-06;2.55486401728085e-06;A830018L16Rik;608
OK;negbinomial;6.13135622563428e-80;5.48128472219354e-79;Cfap54;289
OK;negbinomial;0.0101240657597529;0.0138726810595321;App;1122
OK;negbinomial;3.49647943669587e-10;7.04040092816374e-10;Ckap5;977
OK;negbinomial;0.165133440489147;0.192353238371974;Gm6614;11
OK;negbinomial;2.1038511853175e-32;7.74718401739745e-32;Armc4;57
OK;negbinomial;0.298133543894629;0.333909569161984;Gm27032;48
OK;negbinomial;9.38931588053396e-17;2.34574827722431e-16;1500035N22Rik;62
OK;negbinomial;6.03185570553137e-77;5.26545521588738e-76;Ubxn11;339
OK;negbinomial;1.13157082807938e-20;3.16839831862227e-20;Cux2;774
OK;negbinomial;0.000227131053374279;0.000349649878845881;Ptp4a3;376
OK;negbinomial;0.123610155202876;0.147221083724773;Gse1;285
OK;negbinomial;0.8323188279099;0.850661942574581;Galnt12;430
OK;negbinomial;1.25633318949848e-10;2.58944229613297e-10;Pmepa1;536
OK;negbinomial;8.68546370230586e-12;1.87343432183458e-11;Tmem176a;877
OK;negbinomial;2.4320005605416e-08;4.64490197148486e-08;Dapl1;40
OK;negbinomial;0.0409903488815016;0.0523491202583032;Ier3;393
OK;negbinomial;0.162113437392303;0.189430189834786;Pcdh19;260
OK;negbinomial;0.000207832903078263;0.00032161003979994;Nbl1;18
OK;negbinomial;1.70847391305721e-113;2.88110828065557e-112;Siva1;1209
OK;negbinomial;1.48974789470906e-106;2.16743713308652e-105;1110032A03Rik;837
OK;negbinomial;3.45200802935518e-08;6.51753169918968e-08;Rasl11b;231
OK;negbinomial;0.0628042419890218;0.0784524369627174;Arg2;22
OK;negbinomial;2.32360052731278e-35;9.39570349463804e-35;Tmem132c;797
OK;negbinomial;0.241931584576854;0.276386814097037;Lox;14
OK;negbinomial;0.0462047140873081;0.0585049451412673;Fut9;138
OK;negbinomial;0.00013277087502617;0.000208720316248767;Dnm3;113
OK;negbinomial;0.0536521260628326;0.0675889262115819;Wnt1;12
OK;negbinomial;5.56836233727529e-34;2.16888443793085e-33;Prdx6;1140
OK;negbinomial;2.6176180206839e-08;4.99298861528909e-08;Sgk1;226
OK;negbinomial;3.48778345947514e-38;1.50461356216893e-37;Odf3b;78
OK;negbinomial;8.7005329459175e-150;2.1884052358884e-148;Ift22;1181
OK;negbinomial;0.000540253472617078;0.000803342839041827;Spsb1;33
OK;negbinomial;0.243902509650137;0.278424095631387;Npdc1;522
OK;negbinomial;3.49164009029555e-11;7.33936812181105e-11;Baiap2;243
OK;negbinomial;5.01214637715544e-12;1.09867433141782e-11;Kdr;333
OK;negbinomial;1.18786650042522e-13;2.71616931684288e-13;Gm17750;445
OK;negbinomial;0.00171818358771427;0.00247072136062788;Msi2;1317
OK;negbinomial;0.393240737690374;0.430996495371133;Snap25;19
OK;negbinomial;0.364268219601344;0.403714740768032;Lrrc7;12
OK;negbinomial;2.39450058321174e-22;6.94031028415277e-22;Hspe1;1458
OK;negbinomial;6.63544235486342e-07;1.19068880950633e-06;Calm1;1476
OK;negbinomial;6.65414282899816e-17;1.66803174970157e-16;Fzd10;147
OK;negbinomial;0.035048689143704;0.0450322551422136;Rgcc;42
OK;negbinomial;2.69334679091577e-27;8.72691405615501e-27;Smim22;124
OK;negbinomial;1.34402084330479e-41;6.31179408691238e-41;Gm16006;121
OK;negbinomial;7.80383319942997e-22;2.22709393614502e-21;Nr3c1;505
OK;negbinomial;1.89231715686237e-07;3.47119735572775e-07;Tfap2c;151
OK;negbinomial;2.65256956073643e-08;5.05316203868147e-08;A930011G23Rik;443
OK;negbinomial;0.0127085930706595;0.0172233352665376;Dock8;11
OK;negbinomial;0.141887792400568;0.167644493568824;Lpcat2;126
OK;negbinomial;7.60511678310379e-13;1.69969778706717e-12;Tmem176b;1215
OK;negbinomial;0.0699322981237985;0.0864829420130975;Kif26a;54
OK;negbinomial;2.84565012822965e-36;1.17959351684156e-35;Fam111a;308
OK;negbinomial;3.36526959018834e-10;6.79463955352312e-10;Ifi30;382
OK;negbinomial;2.76187751264532e-13;6.2383960864013e-13;Zic3;626
OK;negbinomial;1.75713319309258e-08;3.36897371905605e-08;Ralgps2;989
OK;negbinomial;6.35621855604051e-167;2.09613963048092e-165;Hmgb1;1473
OK;negbinomial;8.99687493101765e-20;2.43637999956755e-19;Hspb8;908
OK;negbinomial;0.000727670104806192;0.00107023036227194;Mtcl1;839
OK;negbinomial;0.000131549085169673;0.000207018920882073;Thbs1;346
OK;negbinomial;0.711010351718964;0.737344068449296;Ucp2;247
OK;negbinomial;0.339741430476901;0.377793698893537;Tgfb1i1;131
OK;negbinomial;3.24826440580991e-11;6.85693368168123e-11;Ccdc17;80
OK;negbinomial;0.0391591104311378;0.0500966550688005;Kcnk13;16
OK;negbinomial;0.000138552686628244;0.000217119521601176;Ext1;1069
OK;negbinomial;0.102768597892771;0.124091618610961;Fam101a;33
OK;negbinomial;1.88595851093265e-63;1.25505041714083e-62;Zbbx;145
OK;negbinomial;0.0109583041058982;0.0149468044973832;Nab1;148
OK;negbinomial;2.77905837603489e-18;7.3776791234987e-18;Phactr2;733
OK;negbinomial;0.0677342212387113;0.0839044944225772;Hacd4;130
OK;negbinomial;0.01274124195321;0.0172518276081785;Tcerg1l;380
OK;negbinomial;8.27842202060547e-05;0.000131392281054316;Efnb2;119
OK;negbinomial;2.72109553271046e-29;9.36915492005178e-29;Drc7;86
OK;negbinomial;0.000116374781464222;0.000183723591162665;Sema6c;107
OK;negbinomial;0.000116552674246852;0.000183808893286215;Trim62;35
OK;negbinomial;0.0006645823524937;0.000980358062724306;Fdft1;642
OK;negbinomial;3.38034988472441e-32;1.23862697010643e-31;Tulp4;906
OK;negbinomial;0.0539965494701573;0.0679651224883066;Dok5;11
OK;negbinomial;1.90961164382061e-40;8.63982829094445e-40;Hydin;92
OK;negbinomial;5.60558540839576e-11;1.17164630226187e-10;Metrn;1056
OK;negbinomial;0.280368891273641;0.315202602007639;Dab1;152
OK;negbinomial;2.30693012294908e-06;4.02289577256924e-06;Kif26b;81
OK;negbinomial;0.0330055054689212;0.0426285205534196;Cd68;41
OK;negbinomial;0.0906191548824267;0.110332968882115;Zcchc18;1240
OK;negbinomial;2.8504612633357e-114;4.86216610895423e-113;Dalrd3;880
OK;negbinomial;2.2829478281913e-34;9.01035791764863e-34;Rfx4;359
OK;negbinomial;2.76700658269944e-22;7.988789433319e-22;Prrt1;147
OK;negbinomial;0.270940129132928;0.305993266083155;Gm12224;15
OK;negbinomial;1.02254190142996e-08;1.97327982018474e-08;Dtl;789
OK;negbinomial;2.63951748973487e-158;7.99396725462561e-157;Cetn2;1211
OK;negbinomial;4.13262335446542e-23;1.21441842733202e-22;Fgfr2;1043
OK;negbinomial;0.062659535191236;0.0783376160267853;Tmem2;502
OK;negbinomial;0.0625073101858422;0.0782131941954383;Kitl;90
OK;negbinomial;2.23563785133785e-20;6.18971375258463e-20;Cyp51;551
OK;negbinomial;1.83829471395128e-14;4.33708959539539e-14;A930003A15Rik;72
OK;negbinomial;0.696925729765056;0.726290577929314;Nol4;76
OK;negbinomial;0.00160187215301874;0.00231693788994134;Cdh4;204
OK;negbinomial;1.22938681180635e-10;2.53742702186456e-10;Ociad2;912
OK;negbinomial;1.67512131914412e-10;3.43353596354954e-10;Hist1h1c;305
OK;negbinomial;0.0309037327566347;0.0400884085759142;Pdlim2;246
OK;negbinomial;8.48674461475381e-24;2.56503645790115e-23;Igfbp5;939
OK;negbinomial;8.16650514912952e-15;1.94527987821962e-14;Tox3;407
OK;negbinomial;2.74336021428883e-57;1.66850268770681e-56;Mns1;1031
OK;negbinomial;9.45336842961476e-09;1.82666650384744e-08;Cd151;757
OK;negbinomial;0.00100792946859417;0.00146787765593106;Chst5;13
OK;negbinomial;0.000206643648987024;0.000320103523065494;Bfsp2;161
OK;negbinomial;0.00675502672630603;0.00935117505768483;Tspear;13
OK;negbinomial;2.14709747105781e-76;1.86332903336245e-75;Rps27a;1479
OK;negbinomial;2.9862701952781e-50;1.63528596671317e-49;Ccdc65;228
OK;negbinomial;0.0192724863047894;0.0255588647688181;Ostf1;188
OK;negbinomial;1.19166829849174e-29;4.14153572590573e-29;Fen1;637
OK;negbinomial;0.23620881802931;0.270056922924111;Smarcd2;156
OK;negbinomial;4.50464006664559e-58;2.78536910787586e-57;Tipin;858
OK;negbinomial;4.4396435862568e-75;3.74342675113926e-74;Ttc30b;475
OK;negbinomial;0.0767098414756462;0.094392541251956;Hjurp;921
OK;negbinomial;6.57146166568647e-09;1.27644621883229e-08;Unc5c;151
OK;negbinomial;5.81765743302407e-64;3.906517479913e-63;Mcm2;702
OK;negbinomial;8.95055550332573e-12;1.92781195456246e-11;Pcolce2;271
OK;negbinomial;3.53496326669791e-13;7.96037251559894e-13;Aifm3;549
OK;negbinomial;0.000849874668531977;0.001247491600496;Tnfaip8;985
OK;negbinomial;0.439102880435208;0.477383644370585;Fblim1;81
OK;negbinomial;2.47894507493006e-88;2.5725555882491e-87;Nmral1;695
OK;negbinomial;1.01089249722966e-11;2.17415139983885e-11;Nrsn2;29
OK;negbinomial;9.56966653703159e-17;2.38678741864788e-16;Zfp462;561
OK;negbinomial;0.0148153352619371;0.0199509596449316;Nr2e1;109
OK;negbinomial;0.637931701838596;0.668566840062483;Tcf15;20
OK;negbinomial;0.384074707294774;0.422572532122505;Ybx3;904
OK;negbinomial;0.141785316654201;0.167644493568824;Alcam;142
OK;negbinomial;2.02845606378818e-87;2.09043666573726e-86;Hspa2;341
OK;negbinomial;0.000561762718803951;0.000833040102252906;Nrarp;149
OK;negbinomial;7.16946361480204e-68;5.24112512530356e-67;Spint2;1122
OK;negbinomial;0.768657600852998;0.792144360879062;Cd302;37
OK;negbinomial;4.46485385667944e-58;2.77231929845703e-57;Ak9;177
OK;negbinomial;0.143798406364878;0.169733303806009;Ramp2;10
OK;negbinomial;3.56568072825496e-08;6.72359618898394e-08;Ypel3;1061
OK;negbinomial;0.000133524137237951;0.000209682348847746;Mgll;158
OK;negbinomial;2.97897734413436e-08;5.6459800494194e-08;Slc2a1;630
OK;negbinomial;0.0979282979114322;0.118827141537666;Klhdc8b;1232
OK;negbinomial;8.94410232608038e-49;4.70675455741251e-48;Armc3;279
OK;negbinomial;4.08049410549402e-27;1.30505458029162e-26;Map3k19;65
OK;negbinomial;2.36976560458312e-53;1.36837827128457e-52;Maats1;157
OK;negbinomial;0.747267840614072;0.772784303464308;Pycard;336
OK;negbinomial;0.00233856435917916;0.00333374592605367;Shf;329
OK;negbinomial;0.000366995938375196;0.000556873182565225;Calhm2;43
OK;negbinomial;1.67141681309161e-58;1.05100955535082e-57;Vwa3a;166
OK;negbinomial;7.05947319995554e-23;2.07040676457194e-22;Fam83d;249
OK;negbinomial;2.41167799734613e-09;4.73403458738314e-09;Bcam;503
OK;negbinomial;5.51629781276104e-08;1.03360933764361e-07;Cldn1;366
OK;negbinomial;3.13392662030064e-67;2.24673773165514e-66;Efhc1;192
OK;negbinomial;3.9052804904299e-12;8.59857010059046e-12;Ctgf;345
OK;negbinomial;0.0140751130630831;0.0189886070778322;Htatip2;37
OK;negbinomial;0.00146574651731968;0.00212418733564688;Zmiz1;606
OK;negbinomial;1.50851066054673e-49;8.11097760960634e-49;Akap14;95
OK;negbinomial;3.4071822495958e-06;5.8657290700698e-06;Cblb;290
OK;negbinomial;3.78077734129964e-06;6.49383515565818e-06;Nenf;1177
OK;negbinomial;8.40647354585495e-46;4.24326759933631e-45;Catip;194
OK;negbinomial;0.0805396259406006;0.098859226547437;Ndrg4;19
OK;negbinomial;6.40277137810786e-41;2.96003511685734e-40;1700040L02Rik;183
OK;negbinomial;3.22244778298348e-05;5.30167684029654e-05;Pdgfb;14
OK;negbinomial;1.5310076550127e-44;7.59871357872524e-44;Dbn1;1219
OK;negbinomial;0.0665834813608569;0.0827553486930584;Slc25a37;105
OK;negbinomial;0.798221113704727;0.819764797742432;Fam174b;28
OK;negbinomial;4.32172735780026e-18;1.14118209946185e-17;Elmod1;44
OK;negbinomial;4.97732492453503e-17;1.2561820047636e-16;Hsd11b2;490
OK;negbinomial;0.00468144310978236;0.0065540203536953;Numbl;422
OK;negbinomial;1.17657996152862e-28;3.97732269455232e-28;Mdm2;886
OK;negbinomial;0.00870012697096291;0.0119879186860807;Fmo1;138
OK;negbinomial;1.18576862914349e-33;4.59446643772571e-33;Iqgap2;946
OK;negbinomial;0.481177920079747;0.518191606239728;Pbx3;611
OK;negbinomial;5.53450671498873e-10;1.10690134299775e-09;Wrap73;679
OK;negbinomial;3.75208417827152e-68;2.78404646027747e-67;Dnali1;207
OK;negbinomial;0.144581438254801;0.17039535881914;Smarca2;1172
OK;negbinomial;1.39937549174535e-06;2.46051330539111e-06;Ccser1;31
OK;negbinomial;4.08976037621421e-05;6.65482938410295e-05;Ect2;668
OK;negbinomial;7.32464394368909e-05;0.000116753723012187;Nkain3;506
OK;negbinomial;0.279616584519291;0.314595156502372;Tmem35;79
OK;negbinomial;0.0613138191019513;0.0767845633310513;Cdh7;20
OK;negbinomial;0.26763122973048;0.302717031189049;Scg5;278
OK;negbinomial;3.05665768440881e-34;1.20002116499012e-33;Cyth2;1021
OK;negbinomial;0.187827806595132;0.216578449873486;Ednra;10
OK;negbinomial;6.80563076198198e-16;1.66659340771968e-15;2700060E02Rik;1440
OK;negbinomial;0.701432838135255;0.729450828165885;Dmrtb1;12
OK;negbinomial;5.2018581091742e-101;7.01777948546773e-100;H2afv;1476
OK;negbinomial;0.0128413110878409;0.0173714727933965;Nfasc;184
OK;negbinomial;1.61783079439835e-19;4.36520163434026e-19;Map1a;529
OK;negbinomial;0.529594051182194;0.564190647490578;Phf21b;83
OK;negbinomial;8.85288783152168e-06;1.49802571744335e-05;Rtp4;58
OK;negbinomial;8.03257500228358e-82;7.31309282416493e-81;St8sia1;242
OK;negbinomial;9.47082158591948e-15;2.24875187736072e-14;Cenpv;714
OK;negbinomial;4.18851363302706e-102;5.70252681780932e-101;Usp1;858
OK;negbinomial;5.77595647412594e-87;5.79156716729925e-86;Rpl12;1479
OK;negbinomial;3.38769081632318e-40;1.51425697934446e-39;Ckap2;358
OK;negbinomial;0.0675501417968404;0.0837947375894685;Nrk;319
OK;negbinomial;2.31302035963297e-08;4.42335336816408e-08;Kctd8;211
OK;negbinomial;0.0635970095372812;0.079375914342578;Slit3;649
OK;negbinomial;2.37638408376262e-44;1.17161261804111e-43;4932443I19Rik;206
OK;negbinomial;8.06654033707513e-11;1.6812845309297e-10;Mdfic;745
OK;negbinomial;6.79289957386826e-06;1.15603933114914e-05;Mip;312
OK;negbinomial;1.78120218701148e-50;9.82640909117113e-50;Dnaic1;110
OK;negbinomial;5.09457458448508e-05;8.19106032868457e-05;Maged2;1268
OK;negbinomial;3.53462076763638e-25;1.09965979437576e-24;Grn;638
OK;negbinomial;3.07466896528358e-06;5.3303840472907e-06;S1pr3;386
OK;negbinomial;3.4552288731051e-11;7.27313425203968e-11;Pard3;755
OK;negbinomial;5.68825216184129e-57;3.43144967811889e-56;Iqcd;261
OK;negbinomial;0.00039404197298304;0.000596692130517174;Adgrl3;355
OK;negbinomial;0.000262332547654447;0.000402586867341468;Casz1;595
OK;negbinomial;0.0639431547771347;0.0797408753691326;Xlr3b;30
OK;negbinomial;3.7126998301267e-23;1.09318383887064e-22;Pcna;496
OK;negbinomial;0.329532043626643;0.367412135794093;Itih5;50
OK;negbinomial;3.3400508406625e-27;1.07519207105058e-26;Foxa2;101
OK;negbinomial;0.00987625761440472;0.0135456250460042;Gm13889;34
OK;negbinomial;0.370989973567292;0.409939777195727;Vwa1;16
OK;negbinomial;3.11742063857373e-12;6.88430391018365e-12;D030055H07Rik;67
OK;negbinomial;9.94676162927313e-16;2.41983512423628e-15;Pfkl;943
OK;negbinomial;0.00271020972210043;0.00385244370459486;Mycbp2;946
OK;negbinomial;3.13286555744664e-53;1.80200484001969e-52;Efhb;243
OK;negbinomial;0.98744885228049;0.988114697764158;Ddx3y;231
OK;negbinomial;8.2956092972403e-12;1.7971801747598e-11;Dmrta2;1231
OK;negbinomial;3.3742027570659e-07;6.15149495268525e-07;Kif20a;464
OK;negbinomial;4.83189217163433e-30;1.69516027959937e-29;Pdlim7;1108
OK;negbinomial;0.000612492596360416;0.000905317742030734;B2m;290
OK;negbinomial;0.0959932189125764;0.116574416420837;Slc22a15;164
OK;negbinomial;0.882901632487169;0.897415083980109;Robo1;36
OK;negbinomial;4.10834295258623e-20;1.12694656961885e-19;Vimp;1109
OK;negbinomial;1.34836617567069e-65;9.35035235838928e-65;Pcm1;1369
OK;negbinomial;6.77550300569121e-49;3.57823717453586e-48;Gm15689;108
OK;negbinomial;0.00622956205334357;0.00867229839321;mt-Nd2;1479
OK;negbinomial;3.96597427025119e-22;1.13400882794851e-21;Hist1h2ap;221
OK;negbinomial;0.0323264948165855;0.0418243402858002;Lingo2;77
OK;negbinomial;4.97376145150573e-98;6.25513728308009e-97;Cep126;414
OK;negbinomial;0.387696518133108;0.426178987340394;Cend1;15
OK;negbinomial;1.27237270735423e-06;2.24785844965913e-06;Scrn1;778
OK;negbinomial;0.0104197434276734;0.0142624939668291;Gnb3;11
OK;negbinomial;2.6986988788707e-10;5.47113269978705e-10;Tenm2;236
OK;negbinomial;2.05866802348035e-60;1.32253824538737e-59;Slc4a2;672
OK;negbinomial;1.17578804166988e-35;4.80680290313527e-35;Kif4;451
OK;negbinomial;0.000297182634520404;0.000454190555744881;Klk8;483
OK;negbinomial;0.930988542947938;0.939855100499823;Fes;23
OK;negbinomial;7.37660995998108e-19;1.96886496054171e-18;Enpp2;194
OK;negbinomial;1.13902409417859e-20;3.18326131028442e-20;E2f1;302
OK;negbinomial;3.3478021605522e-11;7.05701478161855e-11;Cdk6;571
OK;negbinomial;2.70043604322829e-05;4.46761102357946e-05;Cxxc4;245
OK;negbinomial;0.600133307335339;0.632976423657174;Ephb1;66
OK;negbinomial;4.70224175667134e-15;1.12550431724198e-14;Ntf5;50
OK;negbinomial;9.3325589559111e-31;3.34529407984833e-30;Tcp11l2;165
OK;negbinomial;6.39303084813939e-71;5.04641371204195e-70;Ccdc151;438
OK;negbinomial;9.93206235600771e-30;3.45990153434635e-29;Negr1;303
OK;negbinomial;4.53586039086194e-38;1.94543838729454e-37;Nop56;973
OK;negbinomial;3.75201143154065e-19;1.00505143761847e-18;Tshz1;547
OK;negbinomial;7.12887979361759e-13;1.59807516823693e-12;Cntfr;232
OK;negbinomial;0.326502852805561;0.36430844628831;Stra6;451
OK;negbinomial;6.7231481838077e-62;4.41466898441178e-61;Epha4;908
OK;negbinomial;6.38603494116286e-81;5.74356112283981e-80;Rpgr;998
OK;negbinomial;0.00187365879933971;0.00268648276156535;Pam;314
OK;negbinomial;3.28207836919719e-35;1.32353377714365e-34;Kif15;499
OK;negbinomial;0.00284868125818834;0.00403767238505396;Ets1;12
OK;negbinomial;0.00275688416958842;0.0039150393374825;Edaradd;33
OK;negbinomial;0.000472204195766571;0.00070569086255548;Ptpre;109
OK;negbinomial;0.00964126460226177;0.013247811731256;Kcnh4;12
OK;negbinomial;2.17218735022933e-15;5.25004239045657e-15;Fzr1;665
OK;negbinomial;2.03450976555382e-29;7.0377913568342e-29;Spata18;59
OK;negbinomial;0.304683942651495;0.340988665833196;Tspan17;35
OK;negbinomial;0.258544049826383;0.294007180032454;Itpr1;947
OK;negbinomial;0.00060513052013424;0.000895327708752953;Tdrp;591
OK;negbinomial;1.63279798343682e-29;5.66138366219681e-29;Mbnl2;813
OK;negbinomial;1.36632598997601e-20;3.80417967940788e-20;Gpx1;1347
OK;negbinomial;0.0318207014440572;0.041205864697191;Slc24a5;984
OK;negbinomial;3.53711646269102e-18;9.3566503219848e-18;Bcl2;747
OK;negbinomial;1.7984885929795e-17;4.64166447301143e-17;Gins2;697
OK;negbinomial;2.75213310554129e-51;1.54119453910312e-50;Dnah6;151
OK;negbinomial;0.945969976633936;0.95238768339536;Lgr5;26
OK;negbinomial;2.45276629044466e-05;4.07604162936157e-05;Sel1l3;76
OK;negbinomial;8.79559928036995e-11;1.83066891052861e-10;Mid1ip1;897
OK;negbinomial;2.24663397859402e-26;7.04938299500858e-26;2610204G07Rik;228
OK;negbinomial;0.96293267313088;0.966841736756581;Kcnj3;12
OK;negbinomial;5.86749239909892e-07;1.05800227463703e-06;Hat1;1177
OK;negbinomial;1.86039234005778e-06;3.24802615605382e-06;Mgst3;598
OK;negbinomial;0.0905767704486109;0.110332968882115;Ly6e;590
OK;negbinomial;3.16120511867772e-20;8.68745999281061e-20;Smim14;1056
OK;negbinomial;2.94761726598377e-07;5.38702465852207e-07;Btg1;793
OK;negbinomial;3.74815246980792e-15;9.0004179048462e-15;Cntn5;112
OK;negbinomial;0.028613006678135;0.0372471069389056;Frmd4b;596
OK;negbinomial;8.33123465512108e-06;1.41136440961184e-05;Apba2;406
OK;negbinomial;1.97690952346347e-32;7.31604422149575e-32;Ncapg;485
OK;negbinomial;1.45230711621923e-10;2.98507446048385e-10;Akap9;1295
OK;negbinomial;1.15828977124737e-06;2.04875091839226e-06;Stx3;367
OK;negbinomial;0.15053208711486;0.176872222706613;Cxcr4;85
OK;negbinomial;2.11137718596908e-20;5.85660512893104e-20;Ppic;1036
OK;negbinomial;1.38147106862101e-20;3.83914431804042e-20;Pdia6;1469
OK;negbinomial;1.04885893701047e-23;3.15082320348894e-23;Pax6;570
OK;negbinomial;0.253049884860111;0.287980083690494;Rorb;40
OK;negbinomial;0.00511380994491372;0.00713912884125303;Gja1;558
OK;negbinomial;2.6907831055894e-40;1.20638130776274e-39;Gnai2;1466
OK;negbinomial;0.0654112256641761;0.0813665204406013;Lxn;602
OK;negbinomial;5.90532809129736e-46;3.00120098886483e-45;Nek5;132
OK;negbinomial;8.22884594261946e-23;2.40385972024553e-22;Fam46a;234
OK;negbinomial;2.68493273005059e-13;6.07384172468761e-13;Sdk2;349
OK;negbinomial;8.96683203208504e-11;1.8636945007863e-10;Pik3r1;740
OK;negbinomial;0.00895046927807544;0.0123100059394476;Hmgcr;828
OK;negbinomial;2.60800009781439e-36;1.08715509695409e-35;Gstm6;313
OK;negbinomial;0.705336322003047;0.732996569924735;Agap3;510
OK;negbinomial;0.937328172399753;0.945611834018514;Tmem91;20
OK;negbinomial;0.0421105669005775;0.0536412714853708;Ntng1;216
OK;negbinomial;0.000163354052268043;0.000254372941831875;Dbf4;849
OK;negbinomial;4.29238717425751e-83;4.00622802930701e-82;Ccdc173;518
OK;negbinomial;2.06447342655381e-44;1.02122618833528e-43;Dnah9;182
OK;negbinomial;0.606981716794871;0.63929089263562;Pdcd4;773
OK;negbinomial;0.967839262921059;0.970501018183066;Plcg2;11
OK;negbinomial;0.002318786401713;0.00331191436009825;Ndst3;17
OK;negbinomial;1.43107165623558e-33;5.51613074767169e-33;Ccdc180;81
OK;negbinomial;2.02224542586976e-32;7.46520450743959e-32;Adgrb3;413
OK;negbinomial;0.736278945797741;0.761951154507565;Rcsd1;44
OK;negbinomial;1.40816028923714e-07;2.59269214544406e-07;Mycl;528
OK;negbinomial;6.2176702478413e-86;6.11061102503079e-85;Hras;1320
OK;negbinomial;0.000698867781987769;0.00102888867903755;Calca;129
OK;negbinomial;3.31733538363702e-84;3.19670500605022e-83;Mapk15;302
OK;negbinomial;2.76455102744068e-31;1.00307915029877e-30;Fez1;549
OK;negbinomial;1.96371148287962e-38;8.52090011869402e-38;Gm973;215
OK;negbinomial;0.0244515473340402;0.0320265633219026;Ngfr;57
OK;negbinomial;0.2592338843789;0.294565914562242;Rab3il1;113
OK;negbinomial;7.33349095028767e-06;1.24660945821614e-05;Sbk1;554
OK;negbinomial;0.0585564765142144;0.0733934215769376;Ccdc110;11
OK;negbinomial;0.274141668653656;0.309373563712567;Atl1;31
OK;negbinomial;1.3997726341361e-26;4.41970763629356e-26;Ubb;1479
OK;negbinomial;6.83349482500448e-12;1.48475934411517e-11;Rrm1;953
OK;negbinomial;3.28523891303668e-06;5.66894714761213e-06;BC051142;98
OK;negbinomial;1.48814596034424e-12;3.30600090591444e-12;Shisa6;35
OK;negbinomial;1.14298367011518e-13;2.61757371365884e-13;Dock10;244
OK;negbinomial;0.157162355654786;0.183934491949292;Nrsn1;11
OK;negbinomial;0.225741906681498;0.258688022791771;Jmjd1c;854
OK;negbinomial;1.26700586933473e-23;3.78317245491498e-23;Cdc25c;375
OK;negbinomial;0.0706786450457333;0.0872604902228521;Tecpr1;322
OK;negbinomial;5.77484084904624e-09;1.12318005504386e-08;Rab11fip2;707
OK;negbinomial;2.3723999449521e-50;1.30394130307737e-49;Eno4;186
OK;negbinomial;4.79361281832686e-20;1.30526998576093e-19;Cdkn3;375
OK;negbinomial;1.16761120619351e-38;5.09627949997403e-38;Stox1;342
OK;negbinomial;4.07558558458935e-61;2.65270570505728e-60;Rpl41;1479
OK;negbinomial;6.28489314024304e-37;2.64214771108234e-36;Tppp3;243
OK;negbinomial;0.103765762091866;0.125092112871104;Eda2r;12
OK;negbinomial;0.0481960054011442;0.0609743154435618;Csrnp3;364
OK;negbinomial;0.533271680490984;0.567700985544204;Gpr153;38
OK;negbinomial;1.01013039145137e-07;1.86679140836094e-07;Tsga10ip;17
OK;negbinomial;0.138741016225623;0.164187933077212;Ankrd12;621
OK;negbinomial;7.28381388969685e-91;7.83273899442763e-90;Lmnb1;1137
OK;negbinomial;0.0183835078362643;0.0245113437816858;Mmp2;167
OK;negbinomial;1.98547600568943e-05;3.32181103995841e-05;Tenm4;1244
OK;negbinomial;4.30839619293161e-30;1.51508529628211e-29;Cacng4;813
OK;negbinomial;1.39097202754363e-10;2.86297155183737e-10;Ndc80;501
OK;negbinomial;0.707154975096285;0.734372276447086;3100003L05Rik;238
OK;negbinomial;9.56710932681304e-37;4.01061871214422e-36;Acat2;930
OK;negbinomial;1.17321683720198e-17;3.0384882834341e-17;Sh2d3c;442
OK;negbinomial;0.991336340503821;0.991336340503821;9330159F19Rik;29
OK;negbinomial;0.559265692543734;0.594237390140167;Rem2;269
OK;negbinomial;7.49269130892156e-05;0.000119304226421026;Dmrta1;95
OK;negbinomial;0.0187433381002564;0.0249239370437101;Tal2;123
OK;negbinomial;4.70996243643551e-05;7.60564119224189e-05;Syt10;21
OK;negbinomial;0.000512218739258831;0.000763185350461954;Bhlhe41;33
OK;negbinomial;1.30370075789207e-06;2.29773387732996e-06;Kit;552
OK;negbinomial;3.44824849917862e-102;4.73814886368617e-101;Galnt1;1166
OK;negbinomial;2.92500770958576e-05;4.82837757622388e-05;Penk;71
OK;negbinomial;0.090630653010309;0.110332968882115;Skap2;30
OK;negbinomial;6.34907403170797e-05;0.000101639976947731;Spaca6;660
OK;negbinomial;2.09379006587554e-84;2.03083951487536e-83;Rps4x;1479
OK;negbinomial;0.000302053670404799;0.000460686173567032;Dmbx1;47
OK;negbinomial;0.115355679237572;0.138389513329472;Emilin1;45
OK;negbinomial;4.23502834820015e-07;7.67372657964472e-07;Mgst1;995
OK;negbinomial;4.50926804214676e-05;7.28949212913484e-05;Slc7a11;279
OK;negbinomial;0.0158678261780263;0.0213102751567339;Plcl1;520
OK;negbinomial;0.123008016016454;0.146621603026841;Bnip3;408
OK;negbinomial;5.17002740340749e-56;3.08125327978181e-55;Kif27;366
OK;negbinomial;1.14215448312928e-07;2.10815578726847e-07;Plin3;1098
OK;negbinomial;2.76501220626613e-06;4.79915568900461e-06;Cdt1;528
OK;negbinomial;0.0334132515687799;0.04308016101483;Hpgd;161
OK;negbinomial;2.90541558599043e-25;9.05806035632312e-25;Hs2st1;969
OK;negbinomial;0.517655493747934;0.553060297136021;Eif2s3y;221
OK;negbinomial;0.0734983112731042;0.0906662459927569;Kdm1a;1137
OK;negbinomial;4.45151718415537e-05;7.20398200794609e-05;Dbndd1;204
OK;negbinomial;2.53946513701633e-21;7.19192034987067e-21;Cftr;118
OK;negbinomial;0.000437782943547002;0.000657560615611083;Peli1;898
OK;negbinomial;7.74413646904712e-17;1.93799300507014e-16;Zfos1;575
OK;negbinomial;0.38117297145322;0.42025311265719;Foxo1;349
OK;negbinomial;1.43972769897528e-24;4.40526990779239e-24;Nek11;74
OK;negbinomial;0.000337075666814041;0.000512520788475447;Rhoj;49
OK;negbinomial;4.26444968331998e-20;1.16545917680421e-19;Plppr4;174
OK;negbinomial;6.30839869773352e-06;1.07605329510765e-05;Ppp3ca;704
OK;negbinomial;0.00132788437599536;0.00192627606449375;Ipcef1;16
OK;negbinomial;0.00173667778789165;0.00249271486753894;Nfat5;951
OK;negbinomial;4.38453286504573e-37;1.8484791965136e-36;Myo16;91
OK;negbinomial;3.90616963974698e-10;7.85468258182184e-10;Ptgds;76
OK;negbinomial;8.26399049905126e-68;6.01164799048631e-67;Cep152;372
OK;negbinomial;0.178922754880108;0.207114951826895;Grem1;12
OK;negbinomial;1.85504516048777e-33;7.11340314771023e-33;H3f3a;1479
OK;negbinomial;1.49628921794539e-28;5.03513197149876e-28;Mdh1b;95
OK;negbinomial;4.88137671016373e-14;1.12834315231822e-13;Bub1;507
OK;negbinomial;3.10027699533633e-06;5.36850765586827e-06;Bhmt;60
OK;negbinomial;2.77498697887221e-11;5.87458013786927e-11;Tes;320
OK;negbinomial;4.12479485739793e-05;6.70448583612106e-05;Stx7;672
OK;negbinomial;8.40446859891918e-35;3.34376176965042e-34;Gm12144;94
OK;negbinomial;4.44962476706867e-12;9.76811117504423e-12;Gas2l3;330
OK;negbinomial;1.65936332069796e-13;3.76528313136969e-13;Kcnq3;72
OK;negbinomial;0.11882894601746;0.142096821829098;Prr15;19
OK;negbinomial;1.94912312064543e-05;3.26467123141966e-05;Gt(ROSA)26Sor;430
OK;negbinomial;0.020398199119719;0.026955411837634;Pou4f1;71
OK;negbinomial;0.000216355743063032;0.00033398157942519;Mt3;316
OK;negbinomial;1.37687040307919e-30;4.92061957007849e-30;Cdc45;343
